,cluster,crop_sales___output,y4_hhid,land_surface,number_of_animals_owned___policy,has_hired_workers___policy,household_size,household_head_is_widowed
0,2,240000.0,1785.0,5.74,46.0,1.0,7.0,0.0
1,2,440000.0,1786.0,6.69,55.0,0.7906309751434034,6.0,0.0
2,2,55000.0,1784.0,5.09,11.0,0.7906309751434034,4.0,0.0
3,2,115000.0,1779.0,3.07,45.08426395939086,0.7906309751434034,2.0,1.0
4,3,350000.0,1782.0,8.78,129.0,1.0,4.0,0.0
5,3,394000.0,1783.0,11.6,56.0,1.0,9.0,0.0
6,3,807000.0,1781.0,25.08,23.0,1.0,6.0,0.0
7,3,930000.0,1780.0,27.44,24.0,1.0,4.0,0.0
8,1,105000.0,5773.0,0.79,11.0,1.0,3.0,0.0
9,0,3820000.0,5769.0,8.42,4.0,1.0,4.0,0.0
10,0,612000.0,5776.0,2.7,0.0,0.7906309751434034,4.0,0.0
11,2,200000.0,5775.0,1.83,45.08426395939086,0.7906309751434034,3.0,0.0
12,2,299000.0,1799.0,6.27,18.0,1.0,8.0,0.0
13,2,35000.0,1800.0,3.06,22.0,0.7906309751434034,8.0,0.0
14,3,277000.0,1802.0,10.51,80.0,0.7906309751434034,7.0,0.0
15,2,30000.0,1805.0,1.96,30.0,0.7906309751434034,6.0,0.0
16,2,390000.0,1803.0,8.68,40.0,1.0,5.0,0.0
17,2,1170000.0,1798.0,5.8,34.0,1.0,5.0,0.0
18,2,1298000.0,5795.0,4.69,45.08426395939086,1.0,3.0,0.0
19,2,78000.0,5789.0,1.96,45.08426395939086,1.0,2.0,0.0
20,2,60000.0,5793.0,4.43,38.0,1.0,6.0,0.0
21,0,10000.0,5792.0,2.24,2.0,1.0,3.0,0.0
22,2,235000.0,5790.0,5.3,55.0,1.0,6.0,0.0
23,3,843000.0,1843.0,6.01,66.0,0.0,8.0,0.0
24,2,125000.0,1838.0,4.4,45.08426395939086,1.0,4.0,1.0
25,2,20000.0,1842.0,5.13,25.0,0.7906309751434034,2.0,0.0
26,2,60000.0,1839.0,1.84,72.0,0.7906309751434034,5.0,0.0
27,2,460000.0,1841.0,6.72,45.08426395939086,1.0,9.0,0.0
28,3,940000.0,1837.0,9.4,64.0,1.0,6.0,0.0
29,2,200000.0,5826.0,4.98,45.08426395939086,1.0,6.0,0.0
30,2,288000.0,5827.0,8.16,27.0,0.7906309751434034,7.0,1.0
31,2,300000.0,5830.0,7.29,33.0,1.0,6.0,0.0
32,3,1470000.0,5829.0,4.97,117.0,1.0,8.0,0.0
33,2,420000.0,1859.0,5.47,45.08426395939086,0.7906309751434034,3.0,0.0
34,3,825000.0,1858.0,27.56,6.0,0.7906309751434034,9.0,0.0
35,2,162000.0,1861.0,4.27,45.08426395939086,0.7906309751434034,3.0,0.0
36,1,550000.0,1855.0,0.0,45.08426395939086,0.7906309751434034,2.0,0.0
37,3,572000.0,1857.0,26.1,6.0,0.7906309751434034,8.0,0.0
38,3,1560000.0,1856.0,14.18,63.0,1.0,5.0,0.0
39,2,420000.0,1860.0,9.31,45.08426395939086,0.7906309751434034,6.0,0.0
40,3,992000.0,1862.0,9.89,47.0,1.0,5.0,0.0
41,1,200000.0,5015.0,1.27,42.0,0.7906309751434034,7.0,1.0
42,0,216000.0,5014.0,2.07,7.0,0.7906309751434034,8.0,1.0
43,1,40000.0,5013.0,1.41,15.0,0.7906309751434034,8.0,1.0
44,1,150000.0,5012.0,1.37,75.0,1.0,2.0,0.0
45,1,130000.0,5009.0,1.03,45.0,1.0,6.0,0.0
46,2,310000.0,1000.0,3.15,43.0,0.7906309751434034,6.0,1.0
47,2,1588000.0,1002.0,7.81,67.0,1.0,3.0,0.0
48,2,318000.0,1007.0,3.69,58.0,1.0,3.0,0.0
49,2,170333.0,1003.0,3.21,67.0,1.0,3.0,0.0
50,2,238000.0,1006.0,2.97,37.0,1.0,7.0,0.0
51,2,1070000.0,1001.0,3.84,71.0,1.0,7.0,0.0
52,2,630000.0,1005.0,2.91,112.0,1.0,4.0,0.0
53,1,54000.0,5031.0,0.09,23.0,1.0,3.0,0.0
54,2,900000.0,5032.0,2.16,43.0,1.0,6.0,0.0
55,1,90000.0,5033.0,0.23,162.0,1.0,7.0,0.0
56,1,79999.0,5030.0,0.7,23.0,0.0,7.0,1.0
57,1,167999.0,5034.0,1.15,33.0,0.0,7.0,0.0
58,1,7000.0,1042.0,0.09,45.08426395939086,0.7906309751434034,2.0,0.0
59,1,900000.0,1038.0,0.0,45.08426395939086,1.0,5.0,0.0
60,3,360000.0,1059.0,89.59,501.0,1.0,10.0,0.0
61,0,570000.0,1058.0,0.0,5.0,1.0,6.0,0.0
62,3,80000.0,1063.0,12.13,104.0,1.0,9.0,0.0
63,3,320000.0,5072.0,25.73,155.0,1.0,8.0,0.0
64,2,192000.0,5067.0,5.11,66.0,1.0,3.0,0.0
65,3,4200000.0,5071.0,33.02,93.0,1.0,8.0,0.0
66,2,130000.0,5073.0,3.08,137.0,1.0,8.0,0.0
67,2,1200000.0,1077.0,1.82,24.0,1.0,5.0,0.0
68,2,225000.0,1079.0,1.96,49.0,1.0,7.0,0.0
69,2,33000.0,1083.0,1.97,20.0,1.0,3.0,0.0
70,0,50000.0,5092.0,0.86,13.0,0.0,5.0,0.0
71,1,420000.0,5091.0,0.29,14.0,1.0,7.0,0.0
72,1,70000.0,5089.0,0.31,19.0,1.0,3.0,0.0
73,1,720000.0,5088.0,1.05,70.0,1.0,6.0,0.0
74,1,26250.0,5087.0,0.45,19.0,1.0,4.0,1.0
75,1,41500.0,6647.0,0.63,18.0,1.0,2.0,1.0
76,1,42000.0,6646.0,0.54,33.0,1.0,4.0,1.0
77,0,267999.0,6645.0,0.8,4.0,0.0,2.0,0.0
78,1,381499.0,6643.0,0.77,34.0,0.0,2.0,1.0
79,0,207500.0,6648.0,0.76,1.0,0.0,3.0,0.0
80,1,135000.0,6644.0,0.35,13.0,1.0,4.0,0.0
81,1,49000.0,6649.0,1.21,23.0,1.0,7.0,0.0
82,1,171000.0,6650.0,0.91,19.0,1.0,7.0,0.0
83,0,650000.0,2615.0,0.79,3.0,0.7906309751434034,3.0,0.0
84,0,285000.0,2618.0,0.68,6.0,1.0,3.0,0.0
85,2,420000.0,2616.0,7.0,45.08426395939086,0.7906309751434034,4.0,0.0
86,1,300000.0,2620.0,0.11,33.0,1.0,6.0,0.0
87,1,1536000.0,2619.0,0.0,39.0,1.0,4.0,0.0
88,1,2240000.0,6667.0,0.0,45.08426395939086,1.0,1.0,0.0
89,2,1440000.0,6686.0,5.17,100.0,1.0,5.0,1.0
90,1,137500.0,6683.0,0.0,63.0,0.7906309751434034,5.0,0.0
91,2,40000.0,6681.0,7.81,36.0,1.0,3.0,0.0
92,0,156000.0,2635.0,0.18,12.0,0.0,4.0,0.0
93,0,20000.0,2638.0,0.18,1.0,1.0,5.0,1.0
94,1,25999.0,2641.0,0.35,45.08426395939086,0.7906309751434034,5.0,0.0
95,1,555000.0,2640.0,1.18,41.0,0.0,9.0,0.0
96,1,3000.0,2639.0,0.36,35.0,0.0,6.0,0.0
97,1,20000.0,2636.0,0.21,21.0,0.0,5.0,0.0
98,1,200000.0,2637.0,0.98,28.0,0.0,6.0,0.0
99,1,15000.0,2654.0,0.48,29.0,1.0,6.0,0.0
100,1,216000.0,2656.0,0.0,45.08426395939086,1.0,3.0,1.0
101,2,960000.0,6707.0,1.85,38.0,1.0,3.0,1.0
102,1,1484000.0,6701.0,0.44,15.0,1.0,3.0,0.0
103,1,245000.0,6706.0,0.99,32.0,0.0,2.0,0.0
104,1,939999.0,6703.0,0.31,26.0,0.0,4.0,0.0
105,1,741999.0,6700.0,1.06,22.0,0.0,5.0,0.0
106,1,20000.0,2679.0,0.08,52.0,0.0,3.0,0.0
107,0,79000.0,2677.0,0.56,2.0,0.0,2.0,1.0
108,0,232500.0,2672.0,1.18,5.0,0.0,3.0,0.0
109,0,447000.0,2675.0,1.11,10.0,1.0,3.0,0.0
110,1,47500.0,2676.0,0.77,20.0,0.0,6.0,0.0
111,1,87000.0,2674.0,0.52,45.08426395939086,1.0,1.0,1.0
112,0,55500.0,2678.0,0.16,0.0,0.0,3.0,0.0
113,1,33000.0,2673.0,0.39,24.0,0.0,9.0,0.0
114,1,308000.0,6720.0,0.13,182.0,1.0,8.0,0.0
115,1,409999.0,6724.0,0.81,62.0,0.0,4.0,0.0
116,2,260000.0,6725.0,1.95,173.0,1.0,7.0,0.0
117,1,135000.0,6722.0,0.19,58.0,0.0,5.0,0.0
118,1,278000.0,6726.0,0.3,137.0,0.0,4.0,0.0
119,0,60999.0,6719.0,0.73,3.0,1.0,1.0,0.0
120,0,55000.0,6723.0,0.48,2.0,0.0,4.0,1.0
121,1,84000.0,2696.0,0.75,10.0,1.0,5.0,0.0
122,1,18000.0,2694.0,0.13,45.08426395939086,1.0,1.0,1.0
123,1,400000.0,2695.0,0.61,31.0,0.0,6.0,0.0
124,1,186000.0,6739.0,1.28,43.0,1.0,2.0,1.0
125,2,7240000.0,6744.0,1.85,126.0,1.0,5.0,0.0
126,1,125000.0,6745.0,1.19,58.0,1.0,4.0,0.0
127,1,620000.0,6738.0,0.28,22.0,0.0,4.0,1.0
128,1,155000.0,6741.0,0.85,70.0,1.0,5.0,1.0
129,0,560000.0,6742.0,0.05,6.0,1.0,3.0,0.0
130,1,761999.0,6740.0,0.24,39.0,0.0,3.0,0.0
131,0,583000.0,2713.0,0.83,3.0,0.0,5.0,0.0
132,2,220000.0,2716.0,2.3,30.0,0.0,2.0,0.0
133,1,12300000.0,2711.0,0.82,98.0,1.0,5.0,0.0
134,2,6667000.0,2714.0,4.66,91.0,1.0,5.0,0.0
135,1,805000.0,2715.0,0.5,22.0,0.0,3.0,1.0
136,3,1640000.0,2717.0,65.0,28.0,1.0,2.0,0.0
137,1,2300000.0,2735.0,0.0,45.08426395939086,1.0,1.0,0.0
138,1,150000.0,2736.0,0.0,45.08426395939086,1.0,3.0,0.0
139,1,450000.0,6778.0,0.0,45.08426395939086,0.7906309751434034,7.0,0.0
140,1,960000.0,6776.0,0.0,45.08426395939086,1.0,3.0,0.0
141,2,3436000.0,6799.0,9.22,36.0,1.0,5.0,0.0
142,0,65000.0,6801.0,0.65,12.0,0.0,2.0,0.0
143,0,600000.0,6795.0,1.72,10.0,1.0,4.0,0.0
144,2,250000.0,6800.0,2.66,130.0,1.0,1.0,0.0
145,2,310000.0,6802.0,2.81,66.0,1.0,4.0,1.0
146,0,362000.0,4901.0,1.42,1.0,0.0,4.0,0.0
147,2,31500.0,4898.0,2.74,55.0,1.0,8.0,0.0
148,2,1400000.0,4896.0,2.31,21.0,0.0,4.0,0.0
149,1,791500.0,4899.0,0.65,52.0,1.0,4.0,0.0
150,2,1689000.0,4902.0,3.05,49.0,1.0,5.0,0.0
151,0,18000.0,4900.0,0.38,8.0,1.0,4.0,0.0
152,1,103000.0,4897.0,1.24,22.0,0.0,6.0,0.0
153,2,324000.0,4895.0,5.23,13.0,1.0,5.0,0.0
154,0,687000.0,8866.0,1.08,6.0,0.0,2.0,0.0
155,0,62000.0,8870.0,9.77,3.0,0.0,6.0,0.0
156,1,280000.0,8867.0,2.31,23.0,0.0,2.0,1.0
157,0,302000.0,8873.0,0.65,1.0,1.0,3.0,0.0
158,1,341000.0,8871.0,0.22,19.0,1.0,5.0,1.0
159,1,400000.0,8872.0,1.2,32.0,1.0,9.0,0.0
160,0,682000.0,8869.0,0.1,3.0,1.0,8.0,0.0
161,2,990000.0,8868.0,2.07,18.0,1.0,5.0,0.0
162,0,60000.0,4914.0,0.47,12.0,0.0,2.0,0.0
163,0,50000.0,4915.0,0.27,6.0,0.0,2.0,1.0
164,0,30000.0,4920.0,0.44,2.0,0.0,3.0,0.0
165,0,40000.0,4919.0,0.43,13.0,0.0,2.0,1.0
166,0,18000.0,4918.0,0.1,9.0,0.0,1.0,1.0
167,1,80000.0,4916.0,0.66,17.0,0.0,2.0,0.0
168,1,3000.0,4917.0,0.6,33.0,0.0,7.0,0.0
169,0,15000.0,4921.0,0.4,12.0,0.0,2.0,1.0
170,2,24000.0,8885.0,3.59,70.0,1.0,8.0,0.0
171,0,198000.0,8889.0,9.83,0.0,1.0,8.0,0.0
172,3,1108000.0,8890.0,13.8,75.0,1.0,4.0,0.0
173,1,175000.0,8892.0,1.0,45.08426395939086,1.0,4.0,0.0
174,2,59000.0,8886.0,5.1,35.0,1.0,6.0,0.0
175,2,108000.0,4937.0,3.47,45.0,1.0,5.0,0.0
176,2,48000.0,4940.0,2.62,45.08426395939086,0.7906309751434034,5.0,0.0
177,2,240000.0,4938.0,6.27,17.0,0.7906309751434034,6.0,1.0
178,1,36000.0,4939.0,0.0,45.08426395939086,0.7906309751434034,4.0,0.0
179,2,480000.0,4935.0,4.25,82.0,1.0,1.0,0.0
180,0,20000.0,8907.0,0.0,8.0,0.0,4.0,0.0
181,2,130000.0,8908.0,3.1,45.08426395939086,1.0,1.0,0.0
182,1,48000.0,8909.0,0.0,50.0,0.0,5.0,0.0
183,1,167000.0,8911.0,0.55,32.0,1.0,7.0,0.0
184,1,126000.0,8904.0,0.08,37.0,1.0,5.0,0.0
185,1,679999.0,8905.0,1.33,104.0,1.0,6.0,0.0
186,1,16000.0,8906.0,0.0,45.08426395939086,0.7906309751434034,3.0,0.0
187,1,18000.0,8910.0,0.0,45.08426395939086,0.7906309751434034,2.0,0.0
188,1,2250000.0,4954.0,0.0,45.08426395939086,1.0,1.0,0.0
189,2,795400.0,8924.0,4.3,45.08426395939086,1.0,9.0,0.0
190,2,84000.0,4971.0,2.04,45.08426395939086,0.7906309751434034,7.0,0.0
191,2,62000.0,4972.0,2.04,80.0,1.0,1.0,0.0
192,2,130500.0,4973.0,2.26,21.0,1.0,6.0,0.0
193,2,250000.0,4976.0,3.49,45.08426395939086,1.0,5.0,0.0
194,3,930000.0,8942.0,4.47,156.0,1.0,8.0,0.0
195,2,342000.0,8943.0,4.36,50.0,0.0,6.0,0.0
196,2,160000.0,8946.0,2.82,13.0,0.7906309751434034,5.0,0.0
197,1,234000.0,8945.0,0.0,45.08426395939086,0.7906309751434034,3.0,0.0
198,1,330000.0,8947.0,1.52,45.08426395939086,1.0,1.0,0.0
199,1,5000.0,8949.0,0.0,13.0,1.0,1.0,1.0
200,2,378000.0,4993.0,3.56,31.0,1.0,4.0,0.0
201,2,240000.0,4994.0,3.57,18.0,0.0,5.0,0.0
202,3,960000.0,4997.0,16.88,322.0,1.0,11.0,0.0
203,3,639000.0,4991.0,21.7,44.0,1.0,7.0,0.0
204,2,792000.0,4992.0,2.63,39.0,1.0,5.0,0.0
205,1,120000.0,4990.0,0.0,45.08426395939086,1.0,3.0,0.0
206,3,548000.0,4996.0,29.69,23.0,0.0,6.0,0.0
207,3,570000.0,4995.0,6.89,56.0,0.0,8.0,0.0
208,2,175000.0,8966.0,12.72,14.0,0.7906309751434034,5.0,0.0
209,1,735000.0,8964.0,0.0,33.0,0.7906309751434034,7.0,0.0
210,3,460000.0,8961.0,15.7,76.0,1.0,4.0,0.0
211,0,210000.0,8967.0,3.02,2.0,0.7906309751434034,3.0,0.0
212,2,180000.0,8968.0,7.85,45.08426395939086,0.7906309751434034,5.0,0.0
213,3,1620000.0,8963.0,19.83,111.0,1.0,7.0,0.0
214,1,65000.0,3605.0,0.81,45.08426395939086,0.7906309751434034,1.0,0.0
215,1,332000.0,3608.0,1.82,45.08426395939086,1.0,1.0,0.0
216,0,240000.0,3610.0,13.28,1.0,0.7906309751434034,3.0,0.0
217,1,41000.0,3607.0,0.65,79.0,0.7906309751434034,4.0,0.0
218,1,39000.0,3603.0,0.36,62.0,0.0,6.0,0.0
219,1,300000.0,3628.0,0.0,45.08426395939086,1.0,4.0,0.0
220,1,242500.0,3630.0,0.0,45.08426395939086,1.0,1.0,0.0
221,1,832000.0,3622.0,0.0,45.08426395939086,0.7906309751434034,3.0,0.0
222,1,210000.0,7636.0,0.0,45.08426395939086,0.7906309751434034,3.0,0.0
223,2,217000.0,7631.0,1.78,45.08426395939086,0.7906309751434034,4.0,0.0
224,1,115000.0,3643.0,0.73,29.0,1.0,5.0,0.0
225,1,75000.0,3646.0,0.04,20.0,0.0,4.0,0.0
226,1,8000.0,3641.0,0.16,28.0,1.0,6.0,0.0
227,1,160000.0,3647.0,0.11,45.08426395939086,0.7906309751434034,1.0,0.0
228,1,25000.0,3642.0,0.0,45.08426395939086,1.0,2.0,0.0
229,1,10000.0,3645.0,0.59,45.08426395939086,0.7906309751434034,3.0,0.0
230,1,80000.0,3644.0,1.18,32.0,0.0,4.0,0.0
231,2,400000.0,7656.0,1.98,45.08426395939086,1.0,6.0,0.0
232,3,1417500.0,7657.0,8.67,150.0,1.0,5.0,0.0
233,2,3943500.0,7655.0,4.78,15.0,1.0,2.0,0.0
234,1,44999.0,7652.0,0.05,45.08426395939086,0.7906309751434034,1.0,1.0
235,1,4000000.0,7673.0,0.0,20.0,1.0,2.0,0.0
236,0,150000.0,7674.0,0.04,3.0,1.0,1.0,1.0
237,3,1592500.0,3660.0,11.17,45.08426395939086,1.0,11.0,0.0
238,1,55000.0,3667.0,0.71,36.0,1.0,5.0,0.0
239,1,779000.0,7691.0,0.0,45.08426395939086,0.7906309751434034,1.0,1.0
240,1,605000.0,7688.0,0.27,47.0,0.7906309751434034,6.0,0.0
241,1,84000.0,7690.0,0.0,45.08426395939086,1.0,3.0,0.0
242,1,150000.0,7695.0,0.0,45.08426395939086,0.7906309751434034,2.0,0.0
243,2,1240000.0,7689.0,2.02,13.0,0.7906309751434034,5.0,0.0
244,1,435000.0,7693.0,0.86,22.0,0.7906309751434034,4.0,0.0
245,1,35000.0,3704.0,0.0,45.08426395939086,0.7906309751434034,2.0,0.0
246,1,35000.0,3705.0,0.0,45.08426395939086,1.0,3.0,1.0
247,1,240000.0,7707.0,0.0,45.08426395939086,1.0,3.0,0.0
248,0,120000.0,3722.0,0.36,12.0,0.0,4.0,0.0
249,2,124000.0,3724.0,4.66,14.0,1.0,6.0,0.0
250,0,101000.0,3719.0,1.18,6.0,0.0,5.0,0.0
251,1,298000.0,3721.0,1.4,30.0,0.0,4.0,0.0
252,2,201000.0,3723.0,2.53,45.08426395939086,0.7906309751434034,6.0,0.0
253,1,100000.0,3717.0,0.4,16.0,0.0,3.0,0.0
254,1,230500.0,3720.0,0.58,27.0,1.0,6.0,0.0
255,3,590000.0,7732.0,29.2,64.0,1.0,9.0,0.0
256,0,120000.0,7728.0,2.49,6.0,0.7906309751434034,4.0,0.0
257,1,28000.0,7726.0,0.0,45.08426395939086,1.0,6.0,0.0
258,1,150000.0,7729.0,0.9,45.08426395939086,1.0,3.0,0.0
259,2,3395000.0,7733.0,8.53,27.0,1.0,4.0,0.0
260,1,60000.0,7731.0,0.0,45.08426395939086,0.7906309751434034,4.0,0.0
261,1,130000.0,7727.0,0.0,45.08426395939086,0.7906309751434034,5.0,0.0
262,2,300000.0,7730.0,2.11,45.08426395939086,1.0,3.0,0.0
263,1,60000.0,7747.0,0.0,45.08426395939086,1.0,6.0,0.0
264,1,24000.0,7749.0,0.0,10.0,1.0,6.0,0.0
265,2,2144000.0,4159.0,1.8,45.08426395939086,1.0,6.0,0.0
266,1,30000.0,4157.0,0.0,45.08426395939086,1.0,3.0,0.0
267,1,294000.0,4160.0,0.0,45.08426395939086,1.0,2.0,0.0
268,2,2639999.0,4154.0,3.37,45.08426395939086,1.0,5.0,0.0
269,2,810000.0,4158.0,2.26,45.08426395939086,0.7906309751434034,2.0,0.0
270,1,739999.0,8150.0,0.0,45.08426395939086,0.7906309751434034,4.0,0.0
271,1,45000.0,8146.0,0.0,45.08426395939086,0.7906309751434034,9.0,0.0
272,1,200000.0,8170.0,0.9,38.0,1.0,3.0,1.0
273,2,48000.0,8164.0,2.57,45.08426395939086,0.7906309751434034,6.0,0.0
274,3,315000.0,8167.0,7.0,98.0,1.0,5.0,0.0
275,1,210000.0,4176.0,0.0,45.08426395939086,1.0,3.0,0.0
276,1,660000.0,4178.0,0.1,45.08426395939086,1.0,5.0,0.0
277,2,150000.0,4199.0,3.88,45.08426395939086,1.0,4.0,0.0
278,1,80000.0,4195.0,1.43,31.0,1.0,3.0,0.0
279,2,150000.0,4192.0,3.03,45.08426395939086,0.7906309751434034,2.0,0.0
280,2,149999.0,4197.0,4.56,48.0,0.0,7.0,0.0
281,2,80000.0,4196.0,3.15,58.0,0.0,6.0,0.0
282,2,790000.0,8187.0,6.35,45.08426395939086,0.7906309751434034,8.0,0.0
283,1,40000.0,8184.0,0.0,110.0,0.0,6.0,0.0
284,0,49999.0,8183.0,0.0,5.0,0.0,5.0,0.0
285,1,59999.0,8182.0,0.1,28.0,0.0,3.0,0.0
286,1,49999.0,8189.0,0.0,45.08426395939086,0.7906309751434034,2.0,0.0
287,1,9999.0,8204.0,0.08,45.08426395939086,0.7906309751434034,2.0,0.0
288,1,220000.0,8206.0,0.0,45.08426395939086,0.7906309751434034,4.0,1.0
289,3,2046000.0,4216.0,10.93,111.0,1.0,10.0,0.0
290,1,349999.0,4218.0,0.0,45.08426395939086,1.0,1.0,0.0
291,0,50100.0,4217.0,4.4,12.0,0.0,5.0,0.0
292,0,434000.0,4214.0,2.76,7.0,1.0,3.0,0.0
293,2,278000.0,4213.0,8.57,45.08426395939086,1.0,7.0,0.0
294,2,798000.0,4215.0,1.76,48.0,1.0,4.0,0.0
295,1,30000.0,4234.0,0.88,103.0,1.0,3.0,0.0
296,1,800000.0,5127.0,0.0,45.08426395939086,1.0,4.0,0.0
297,1,6000.0,1287.0,0.02,45.08426395939086,0.7906309751434034,4.0,0.0
298,1,6000.0,5279.0,0.01,10.0,0.7906309751434034,4.0,0.0
299,1,11000000.0,1305.0,0.0,45.08426395939086,1.0,2.0,0.0
300,1,1150000.0,5318.0,0.1,45.08426395939086,0.7906309751434034,3.0,0.0
301,1,1237000.0,1403.0,0.1,49.0,0.0,6.0,0.0
302,1,30000.0,1462.0,0.01,45.08426395939086,0.7906309751434034,4.0,0.0
303,1,431000.0,1516.0,0.0,45.08426395939086,1.0,5.0,0.0
304,1,49999.0,1534.0,0.1,84.0,0.0,5.0,0.0
305,1,2480000.0,1596.0,0.53,281.0,1.0,4.0,0.0
306,2,2880000.0,5608.0,3.0,45.08426395939086,1.0,7.0,0.0
307,1,20000.0,1635.0,0.06,190.0,1.0,5.0,0.0
308,1,360000.0,1636.0,0.0,45.08426395939086,1.0,4.0,0.0
309,1,460000.0,1710.0,0.0,45.08426395939086,1.0,1.0,0.0
310,1,20000.0,5693.0,0.55,45.08426395939086,0.7906309751434034,4.0,0.0
311,2,800000.0,5695.0,4.26,75.0,1.0,8.0,0.0
312,0,35999.0,5700.0,4.2,12.0,0.0,9.0,0.0
313,3,964000.0,5699.0,10.33,89.0,1.0,6.0,0.0
314,2,2600000.0,5696.0,2.22,45.08426395939086,1.0,6.0,0.0
315,1,850000.0,5739.0,0.0,45.08426395939086,1.0,2.0,0.0
316,2,45000.0,6909.0,3.85,45.08426395939086,1.0,6.0,0.0
317,2,200000.0,6919.0,5.28,64.0,0.0,6.0,0.0
318,2,720000.0,6910.0,4.83,85.0,0.0,4.0,0.0
319,2,300000.0,6916.0,6.27,45.08426395939086,1.0,1.0,0.0
320,1,150000.0,6914.0,0.0,45.08426395939086,0.7906309751434034,3.0,0.0
321,2,400000.0,6911.0,2.97,45.08426395939086,1.0,6.0,1.0
322,2,487800.0,6913.0,6.28,25.0,0.0,8.0,0.0
323,2,66000.0,2843.0,2.7,45.08426395939086,0.7906309751434034,4.0,0.0
324,3,1840000.0,2848.0,14.35,45.08426395939086,1.0,6.0,0.0
325,2,500000.0,2845.0,4.55,45.08426395939086,1.0,1.0,0.0
326,1,997600.0,2844.0,0.0,45.08426395939086,1.0,3.0,0.0
327,2,50000.0,2849.0,7.08,45.08426395939086,0.7906309751434034,3.0,0.0
328,2,242000.0,2846.0,4.35,45.08426395939086,0.7906309751434034,5.0,0.0
329,3,815000.0,2850.0,13.4,31.0,0.0,4.0,0.0
330,1,74999.0,2866.0,0.0,45.08426395939086,1.0,2.0,0.0
331,1,1200000.0,2867.0,0.0,45.08426395939086,1.0,2.0,0.0
332,1,397000.0,6929.0,0.0,45.08426395939086,1.0,4.0,0.0
333,2,970000.0,6930.0,2.18,45.08426395939086,1.0,4.0,1.0
334,1,930000.0,6935.0,0.0,45.08426395939086,1.0,3.0,0.0
335,1,684000.0,6933.0,0.0,45.08426395939086,0.7906309751434034,5.0,0.0
336,2,154000.0,6931.0,2.88,45.08426395939086,1.0,5.0,0.0
337,0,1100000.0,6932.0,2.57,8.0,1.0,6.0,0.0
338,2,410000.0,6928.0,2.9,45.08426395939086,0.7906309751434034,1.0,0.0
339,1,1188000.0,2892.0,0.0,45.08426395939086,0.7906309751434034,7.0,0.0
340,1,20000.0,2881.0,0.0,45.08426395939086,1.0,4.0,0.0
341,1,15000.0,2885.0,0.16,45.08426395939086,1.0,3.0,0.0
342,1,65000.0,2884.0,0.0,45.08426395939086,0.7906309751434034,4.0,0.0
343,2,595000.0,2886.0,2.4,40.0,1.0,4.0,0.0
344,1,92000.0,2888.0,0.19,40.0,1.0,4.0,0.0
345,1,821600.0,6948.0,0.0,42.0,0.0,5.0,0.0
346,1,250000.0,6949.0,1.23,45.08426395939086,0.7906309751434034,2.0,0.0
347,3,808000.0,6947.0,11.9,30.0,1.0,5.0,0.0
348,1,448000.0,6952.0,0.1,45.08426395939086,1.0,3.0,0.0
349,1,1139000.0,6954.0,0.0,27.0,0.7906309751434034,8.0,0.0
350,3,990800.0,6953.0,11.29,45.08426395939086,0.7906309751434034,5.0,0.0
351,1,16000.0,6950.0,0.09,45.08426395939086,0.7906309751434034,2.0,0.0
352,2,207000.0,6951.0,4.54,45.08426395939086,1.0,4.0,0.0
353,3,1537000.0,2903.0,19.48,21.0,0.0,6.0,0.0
354,2,152000.0,2901.0,7.78,17.0,0.0,4.0,0.0
355,2,156000.0,2906.0,2.65,95.0,1.0,3.0,0.0
356,3,407500.0,2907.0,15.28,45.08426395939086,0.7906309751434034,5.0,0.0
357,2,6500.0,2902.0,2.13,45.08426395939086,0.7906309751434034,7.0,0.0
358,2,136000.0,2900.0,4.02,45.08426395939086,0.7906309751434034,6.0,0.0
359,1,112000.0,6973.0,1.52,45.08426395939086,0.7906309751434034,3.0,0.0
360,0,32000.0,6966.0,0.32,2.0,0.0,4.0,0.0
361,2,276000.0,6969.0,4.82,45.08426395939086,1.0,5.0,0.0
362,1,330400.0,6970.0,1.47,45.08426395939086,1.0,3.0,0.0
363,1,568000.0,6967.0,1.44,31.0,1.0,5.0,0.0
364,2,175000.0,6968.0,1.74,45.08426395939086,0.7906309751434034,5.0,0.0
365,1,190300.0,6972.0,0.0,45.08426395939086,0.7906309751434034,2.0,0.0
366,1,148800.0,6971.0,1.26,45.08426395939086,0.7906309751434034,3.0,0.0
367,3,348000.0,2921.0,26.41,73.0,0.0,12.0,0.0
368,2,292000.0,2923.0,8.61,15.0,0.0,6.0,0.0
369,2,480000.0,2919.0,9.4,45.08426395939086,0.7906309751434034,3.0,0.0
370,0,936000.0,2926.0,2.31,10.0,1.0,5.0,0.0
371,0,1796000.0,2922.0,18.76,4.0,0.0,8.0,0.0
372,1,36000.0,2925.0,0.25,45.08426395939086,1.0,2.0,0.0
373,2,164000.0,2920.0,14.93,19.0,1.0,2.0,0.0
374,1,88000.0,6988.0,1.25,27.0,0.0,6.0,0.0
375,2,67000.0,6986.0,1.79,45.08426395939086,0.7906309751434034,4.0,0.0
376,1,3721900.0,6992.0,0.0,45.08426395939086,1.0,6.0,0.0
377,0,873500.0,6994.0,0.0,10.0,0.0,3.0,0.0
378,2,414000.0,6987.0,2.09,23.0,1.0,3.0,1.0
379,1,40000.0,6991.0,0.0,45.08426395939086,0.7906309751434034,7.0,0.0
380,1,1988000.0,7011.0,0.11,77.0,1.0,5.0,0.0
381,2,389000.0,3739.0,2.64,47.0,0.0,5.0,0.0
382,3,833000.0,3740.0,11.4,45.08426395939086,1.0,7.0,0.0
383,1,390000.0,3743.0,1.16,25.0,1.0,3.0,0.0
384,1,40000.0,7770.0,0.92,45.08426395939086,1.0,4.0,0.0
385,3,155000.0,7771.0,6.81,92.0,0.0,7.0,0.0
386,1,5000.0,7764.0,0.64,37.0,1.0,2.0,1.0
387,2,260000.0,7768.0,5.41,45.08426395939086,0.7906309751434034,4.0,0.0
388,2,136000.0,7767.0,2.76,45.08426395939086,0.7906309751434034,4.0,0.0
389,0,264500.0,7772.0,3.42,16.0,0.0,4.0,0.0
390,0,250000.0,7766.0,2.12,8.0,1.0,4.0,0.0
391,1,299000.0,7765.0,0.86,29.0,0.7906309751434034,2.0,0.0
392,3,934800.0,3758.0,6.53,98.0,1.0,5.0,0.0
393,1,90000.0,3760.0,0.62,23.0,1.0,3.0,0.0
394,1,11999.0,3755.0,1.47,45.08426395939086,1.0,2.0,0.0
395,3,4417300.0,7784.0,12.28,45.08426395939086,1.0,5.0,0.0
396,2,175000.0,7789.0,1.9,45.08426395939086,1.0,2.0,0.0
397,0,120000.0,7785.0,3.14,12.0,0.0,9.0,0.0
398,2,260000.0,3776.0,2.8,45.08426395939086,1.0,4.0,0.0
399,0,95400.0,3778.0,3.15,18.0,0.0,3.0,0.0
400,1,609000.0,3779.0,0.56,45.08426395939086,1.0,4.0,0.0
401,2,2017200.0,3777.0,5.06,45.08426395939086,1.0,3.0,0.0
402,2,95900.0,3774.0,6.08,18.0,0.0,2.0,0.0
403,1,540000.0,3781.0,1.81,25.0,0.0,5.0,0.0
404,2,68000.0,3780.0,3.16,45.08426395939086,1.0,2.0,0.0
405,2,273200.0,3775.0,4.89,45.08426395939086,1.0,4.0,0.0
406,1,70000.0,7807.0,0.67,45.08426395939086,1.0,1.0,0.0
407,1,120000.0,7806.0,0.0,23.0,1.0,5.0,1.0
408,2,100000.0,7808.0,2.22,45.08426395939086,0.7906309751434034,3.0,0.0
409,2,402000.0,7805.0,2.1,45.08426395939086,1.0,3.0,0.0
410,1,211000.0,7804.0,0.37,39.0,1.0,2.0,0.0
411,2,426000.0,7802.0,10.66,9.0,1.0,5.0,0.0
412,2,1224000.0,7811.0,8.21,45.08426395939086,1.0,1.0,0.0
413,2,557000.0,7809.0,8.02,49.0,1.0,2.0,0.0
414,1,24000.0,3798.0,1.15,45.08426395939086,1.0,3.0,0.0
415,1,276000.0,3800.0,0.32,45.08426395939086,1.0,1.0,0.0
416,2,66000.0,3795.0,5.88,19.0,0.0,5.0,0.0
417,2,48000.0,3796.0,2.1,45.08426395939086,0.7906309751434034,2.0,0.0
418,2,1406000.0,3797.0,6.43,60.0,1.0,6.0,0.0
419,2,141000.0,3794.0,4.64,45.08426395939086,0.7906309751434034,6.0,0.0
420,2,186000.0,3799.0,4.4,45.08426395939086,0.7906309751434034,1.0,0.0
421,1,100000.0,7825.0,0.44,45.0,0.0,5.0,0.0
422,1,170000.0,7828.0,0.0,45.08426395939086,0.7906309751434034,4.0,1.0
423,1,27000.0,7827.0,0.67,38.0,0.0,7.0,0.0
424,3,731000.0,7821.0,12.71,88.0,1.0,2.0,0.0
425,2,300000.0,7824.0,2.76,29.0,1.0,3.0,0.0
426,1,60000.0,3818.0,0.0,45.08426395939086,1.0,1.0,1.0
427,1,156000.0,3817.0,0.0,45.08426395939086,1.0,4.0,0.0
428,1,682000.0,3812.0,0.0,45.08426395939086,0.7906309751434034,8.0,0.0
429,2,822000.0,3815.0,4.78,45.08426395939086,1.0,2.0,0.0
430,2,310000.0,3835.0,4.78,45.08426395939086,1.0,2.0,1.0
431,0,65500.0,3836.0,0.32,6.0,0.0,3.0,0.0
432,2,390000.0,3831.0,5.16,45.08426395939086,0.7906309751434034,3.0,0.0
433,1,15200.0,3832.0,0.56,45.08426395939086,0.7906309751434034,4.0,0.0
434,1,269999.0,3833.0,0.38,19.0,1.0,5.0,0.0
435,2,286484.0,3834.0,3.25,45.08426395939086,1.0,7.0,0.0
436,1,7000.0,3837.0,0.27,45.08426395939086,0.7906309751434034,5.0,0.0
437,2,400000.0,3838.0,5.52,45.08426395939086,1.0,2.0,0.0
438,0,102000.0,7846.0,0.2,2.0,0.0,4.0,0.0
439,1,556000.0,7843.0,1.4,45.08426395939086,1.0,2.0,0.0
440,2,1800000.0,7840.0,4.18,45.08426395939086,0.7906309751434034,4.0,0.0
441,3,1287500.0,7847.0,12.11,45.08426395939086,1.0,6.0,0.0
442,2,660000.0,7842.0,2.29,45.08426395939086,1.0,6.0,0.0
443,1,750000.0,7844.0,0.13,23.0,1.0,2.0,0.0
444,1,108000.0,7845.0,0.7,58.0,0.0,5.0,0.0
445,0,560000.0,3854.0,6.86,4.0,1.0,7.0,0.0
446,2,50000.0,3856.0,2.97,45.08426395939086,1.0,4.0,0.0
447,2,1187500.0,3855.0,2.48,45.08426395939086,0.7906309751434034,3.0,0.0
448,1,120000.0,3859.0,0.83,45.08426395939086,0.7906309751434034,3.0,1.0
449,3,4660000.0,3852.0,12.69,24.0,1.0,7.0,0.0
450,2,413000.0,3851.0,2.84,45.08426395939086,0.7906309751434034,2.0,0.0
451,1,437000.0,3850.0,0.0,45.08426395939086,1.0,4.0,0.0
452,1,1560000.0,7863.0,1.32,45.08426395939086,1.0,1.0,0.0
453,1,765000.0,7866.0,0.41,53.0,0.0,6.0,0.0
454,1,96000.0,7860.0,0.37,102.0,0.0,4.0,0.0
455,1,3600000.0,7862.0,0.44,27.0,1.0,3.0,0.0
456,1,100000.0,7865.0,0.7,41.0,0.7906309751434034,3.0,0.0
457,1,33000.0,7859.0,1.57,45.08426395939086,0.7906309751434034,2.0,0.0
458,1,39999.0,7879.0,0.0,25.0,1.0,2.0,0.0
459,2,270000.0,3870.0,3.86,77.0,1.0,2.0,0.0
460,2,140000.0,3869.0,8.88,45.08426395939086,1.0,3.0,0.0
461,0,66000.0,3871.0,3.66,1.0,0.0,5.0,0.0
462,1,45000.0,3876.0,1.28,45.08426395939086,0.7906309751434034,4.0,0.0
463,3,105000.0,3872.0,21.07,17.0,0.0,8.0,0.0
464,2,24000.0,3875.0,5.02,22.0,0.0,3.0,0.0
465,2,150000.0,3874.0,3.9,45.08426395939086,1.0,2.0,0.0
466,3,598000.0,3873.0,16.86,45.08426395939086,0.7906309751434034,2.0,0.0
467,1,102400.0,7899.0,0.0,45.08426395939086,0.7906309751434034,3.0,0.0
468,3,592000.0,7904.0,11.92,118.0,0.0,4.0,0.0
469,1,64000.0,7897.0,0.61,45.08426395939086,0.7906309751434034,4.0,0.0
470,1,164100.0,7903.0,0.23,45.08426395939086,0.7906309751434034,6.0,0.0
471,1,21000.0,7900.0,0.3,20.0,0.0,6.0,0.0
472,1,32000.0,7902.0,0.24,45.08426395939086,0.7906309751434034,6.0,0.0
473,2,541000.0,3889.0,6.01,67.0,1.0,5.0,0.0
474,1,8000.0,3888.0,0.0,45.08426395939086,0.7906309751434034,2.0,0.0
475,2,383999.0,3892.0,4.26,45.08426395939086,0.7906309751434034,5.0,0.0
476,2,427000.0,3891.0,1.8,45.08426395939086,1.0,5.0,0.0
477,2,289000.0,3893.0,2.0,45.08426395939086,0.7906309751434034,4.0,0.0
478,2,180000.0,3894.0,6.42,69.0,1.0,2.0,0.0
479,2,240000.0,3890.0,12.04,18.0,0.0,4.0,0.0
480,2,1134000.0,3895.0,2.67,45.08426395939086,1.0,6.0,0.0
481,2,168000.0,8262.0,5.64,45.08426395939086,1.0,1.0,0.0
482,1,70000.0,8267.0,1.33,45.08426395939086,1.0,4.0,0.0
483,1,240000.0,8260.0,0.12,45.08426395939086,0.7906309751434034,6.0,0.0
484,3,2737500.0,8258.0,14.09,31.0,1.0,4.0,0.0
485,2,30000.0,4306.0,1.61,45.08426395939086,1.0,5.0,0.0
486,3,4420000.0,4309.0,12.99,181.0,1.0,2.0,0.0
487,2,32000.0,4312.0,2.0,45.08426395939086,0.7906309751434034,4.0,0.0
488,2,193600.0,4308.0,8.14,17.0,0.7906309751434034,6.0,0.0
489,2,63000.0,4307.0,3.83,45.08426395939086,1.0,4.0,0.0
490,0,522000.0,4313.0,11.43,0.0,1.0,4.0,0.0
491,1,313500.0,8280.0,0.0,16.0,1.0,4.0,0.0
492,2,832000.0,8281.0,7.01,32.0,1.0,9.0,0.0
493,3,7200000.0,4328.0,43.3,57.0,1.0,8.0,0.0
494,2,88000.0,4325.0,1.7,49.0,1.0,4.0,0.0
495,2,1170000.0,4332.0,7.2,60.0,1.0,4.0,0.0
496,3,142000.0,4331.0,31.3,14.0,0.7906309751434034,4.0,1.0
497,2,60000.0,4326.0,2.82,20.0,0.7906309751434034,6.0,0.0
498,0,12000.0,4348.0,4.85,2.0,1.0,3.0,1.0
499,1,160000.0,8315.0,0.49,65.0,1.0,7.0,0.0
500,2,36000.0,8320.0,3.98,70.0,1.0,2.0,0.0
501,1,50000.0,8317.0,0.04,45.08426395939086,0.7906309751434034,4.0,0.0
502,1,270000.0,8316.0,0.0,45.08426395939086,1.0,4.0,0.0
503,1,200000.0,8341.0,0.0,45.08426395939086,0.7906309751434034,4.0,0.0
504,1,200000.0,8334.0,0.0,38.0,0.0,6.0,0.0
505,1,634500.0,8338.0,0.0,29.0,0.0,6.0,0.0
506,1,48750.0,8335.0,0.0,45.08426395939086,0.7906309751434034,4.0,0.0
507,2,464000.0,8340.0,3.87,45.08426395939086,0.7906309751434034,6.0,0.0
508,1,156000.0,8339.0,0.0,45.08426395939086,0.7906309751434034,4.0,0.0
509,1,105000.0,8337.0,0.92,45.08426395939086,1.0,5.0,1.0
510,0,20000.0,4367.0,1.46,2.0,0.7906309751434034,4.0,0.0
511,0,180000.0,4369.0,1.7,1.0,0.7906309751434034,6.0,0.0
512,2,400000.0,4365.0,3.24,45.08426395939086,0.7906309751434034,8.0,0.0
513,1,105000.0,5962.0,0.2,8.0,1.0,2.0,0.0
514,2,678000.0,5961.0,3.26,40.0,1.0,3.0,0.0
515,2,225000.0,1975.0,3.26,37.0,1.0,5.0,0.0
516,2,50000.0,1971.0,4.28,45.08426395939086,1.0,2.0,0.0
517,2,126000.0,1970.0,5.42,119.0,1.0,2.0,0.0
518,3,350000.0,1974.0,27.42,47.0,1.0,2.0,0.0
519,2,444000.0,1969.0,4.42,35.0,0.7906309751434034,2.0,0.0
520,3,1100000.0,1972.0,11.51,25.0,0.7906309751434034,8.0,0.0
521,0,165000.0,5978.0,0.8,8.0,0.7906309751434034,3.0,0.0
522,1,91000.0,5983.0,1.06,45.08426395939086,1.0,1.0,0.0
523,2,937500.0,5984.0,5.07,47.0,1.0,5.0,0.0
524,1,120000.0,5981.0,0.78,45.08426395939086,1.0,1.0,1.0
525,2,560000.0,5985.0,2.98,27.0,0.7906309751434034,8.0,0.0
526,2,8400.0,1994.0,1.84,14.0,1.0,7.0,1.0
527,2,650000.0,2010.0,8.11,20.0,1.0,4.0,0.0
528,2,60000.0,2009.0,2.89,67.0,1.0,6.0,1.0
529,0,36000.0,2012.0,4.44,7.0,1.0,1.0,0.0
530,1,60000.0,2011.0,1.52,45.08426395939086,1.0,1.0,0.0
531,1,465000.0,2014.0,0.0,20.0,1.0,2.0,1.0
532,1,1200000.0,6002.0,1.15,45.08426395939086,0.7906309751434034,4.0,1.0
533,1,80000.0,5998.0,0.43,45.08426395939086,0.7906309751434034,1.0,0.0
534,1,80000.0,5999.0,0.47,45.08426395939086,1.0,1.0,1.0
535,1,390000.0,6003.0,0.67,45.08426395939086,1.0,2.0,1.0
536,1,80000.0,6000.0,0.21,45.08426395939086,1.0,1.0,1.0
537,2,500000.0,2026.0,1.7,45.08426395939086,1.0,3.0,0.0
538,1,140000.0,2029.0,0.86,27.0,1.0,2.0,0.0
539,2,470000.0,2030.0,2.55,92.0,0.7906309751434034,3.0,1.0
540,1,620000.0,2032.0,0.8,45.08426395939086,1.0,1.0,0.0
541,1,72000.0,2027.0,0.28,45.08426395939086,0.7906309751434034,5.0,0.0
542,2,190000.0,2048.0,11.23,45.08426395939086,1.0,3.0,0.0
543,0,85000.0,2046.0,8.25,6.0,1.0,2.0,0.0
544,2,20000.0,2050.0,2.5,45.08426395939086,1.0,2.0,0.0
545,2,140000.0,2051.0,2.06,45.08426395939086,1.0,4.0,0.0
546,1,140000.0,6035.0,0.0,45.08426395939086,0.7906309751434034,1.0,1.0
547,1,80000.0,6038.0,0.84,45.08426395939086,1.0,2.0,0.0
548,2,125000.0,6042.0,11.69,10.0,1.0,5.0,0.0
549,1,70000.0,6039.0,0.83,45.08426395939086,0.7906309751434034,2.0,1.0
550,2,1725000.0,6040.0,8.92,12.0,1.0,4.0,0.0
551,1,65000.0,6037.0,0.84,45.08426395939086,0.7906309751434034,2.0,0.0
552,1,90000.0,6041.0,1.24,45.08426395939086,0.7906309751434034,4.0,0.0
553,0,90000.0,6036.0,0.0,5.0,0.7906309751434034,2.0,0.0
554,3,12400000.0,3131.0,15.54,34.0,1.0,7.0,0.0
555,2,1392000.0,3129.0,3.96,45.08426395939086,0.7906309751434034,5.0,0.0
556,1,3600000.0,3132.0,1.33,45.08426395939086,1.0,1.0,0.0
557,3,16200000.0,3130.0,9.7,40.0,1.0,9.0,0.0
558,3,9570000.0,3134.0,4.36,554.0,1.0,5.0,0.0
559,1,2396000.0,3133.0,0.0,42.0,1.0,4.0,0.0
560,2,3115000.0,3128.0,5.4,54.0,0.7906309751434034,5.0,0.0
561,2,3000000.0,3135.0,3.5,45.08426395939086,1.0,3.0,0.0
562,1,1177800.0,7201.0,0.92,45.08426395939086,1.0,3.0,1.0
563,2,4742000.0,7195.0,1.59,45.08426395939086,1.0,6.0,0.0
564,1,230000.0,7194.0,0.0,45.08426395939086,1.0,3.0,0.0
565,1,23000.0,3147.0,0.12,23.0,0.0,5.0,0.0
566,1,2442000.0,3150.0,0.04,65.0,1.0,9.0,0.0
567,1,120000.0,3153.0,0.87,45.08426395939086,1.0,6.0,0.0
568,0,20000.0,3166.0,0.11,6.0,0.7906309751434034,5.0,0.0
569,1,467999.0,3167.0,1.76,45.08426395939086,0.7906309751434034,1.0,1.0
570,1,127000.0,3171.0,0.87,45.08426395939086,1.0,4.0,0.0
571,2,1922000.0,3168.0,5.17,18.0,1.0,6.0,1.0
572,1,26000.0,3172.0,1.59,45.08426395939086,0.7906309751434034,1.0,1.0
573,1,100000.0,3173.0,0.54,45.08426395939086,1.0,3.0,1.0
574,2,336000.0,7213.0,4.19,45.08426395939086,1.0,1.0,0.0
575,1,40000.0,7214.0,0.26,45.08426395939086,0.7906309751434034,1.0,1.0
576,1,60000.0,7217.0,0.46,45.08426395939086,0.7906309751434034,5.0,1.0
577,1,319999.0,7218.0,1.1,23.0,0.7906309751434034,4.0,0.0
578,0,1063500.0,7219.0,2.4,8.0,0.0,3.0,1.0
579,0,20999.0,7215.0,1.12,2.0,0.7906309751434034,3.0,1.0
580,1,760000.0,3192.0,1.5,15.0,0.7906309751434034,3.0,0.0
581,2,300000.0,3187.0,11.26,21.0,0.7906309751434034,3.0,0.0
582,0,48000.0,3186.0,1.12,11.0,0.7906309751434034,3.0,1.0
583,1,80750.0,3191.0,0.0,45.08426395939086,1.0,1.0,0.0
584,1,749000.0,3190.0,0.83,44.0,0.7906309751434034,6.0,0.0
585,2,2471000.0,3189.0,1.91,45.08426395939086,0.7906309751434034,2.0,0.0
586,2,1215000.0,3185.0,5.99,23.0,0.7906309751434034,8.0,0.0
587,2,312000.0,7233.0,5.42,35.0,1.0,3.0,0.0
588,2,75000.0,7238.0,1.56,22.0,1.0,5.0,0.0
589,1,304600.0,7234.0,1.24,20.0,1.0,1.0,1.0
590,2,46000.0,7237.0,2.34,12.0,1.0,5.0,0.0
591,0,40000.0,7235.0,0.28,4.0,0.7906309751434034,4.0,0.0
592,0,669600.0,3208.0,2.72,2.0,1.0,5.0,0.0
593,2,1576000.0,3207.0,4.68,45.08426395939086,0.7906309751434034,1.0,1.0
594,2,192600.0,3206.0,4.64,47.0,0.7906309751434034,6.0,0.0
595,3,4060000.0,3204.0,11.27,119.0,1.0,7.0,0.0
596,3,40000.0,3209.0,64.1,45.08426395939086,1.0,3.0,0.0
597,2,600000.0,3205.0,3.24,22.0,0.7906309751434034,13.0,0.0
598,3,22400000.0,7252.0,7.46,32.0,1.0,20.0,0.0
599,2,374000.0,7255.0,2.46,57.0,1.0,5.0,1.0
600,2,1954000.0,7258.0,4.31,18.0,0.7906309751434034,6.0,0.0
601,2,1384999.0,7254.0,1.73,45.08426395939086,1.0,5.0,0.0
602,2,2437500.0,7253.0,2.68,34.0,1.0,4.0,0.0
603,2,189000.0,7257.0,3.56,45.0,1.0,7.0,0.0
604,2,3300000.0,7256.0,4.77,15.0,0.7906309751434034,5.0,0.0
605,1,9999.0,3225.0,0.16,45.08426395939086,0.7906309751434034,1.0,1.0
606,2,1050000.0,3227.0,6.66,10.0,1.0,5.0,0.0
607,1,460000.0,3230.0,1.98,19.0,1.0,1.0,1.0
608,1,96000.0,3223.0,1.2,56.0,1.0,7.0,0.0
609,2,630000.0,3224.0,2.74,22.0,1.0,2.0,0.0
610,1,500000.0,3229.0,0.88,12.0,1.0,2.0,0.0
611,2,1728000.0,3226.0,3.59,76.0,0.7906309751434034,7.0,0.0
612,1,7220000.0,7273.0,0.0,25.0,1.0,7.0,0.0
613,2,142000.0,7276.0,2.71,45.08426395939086,0.7906309751434034,5.0,0.0
614,1,45000.0,7274.0,1.13,45.08426395939086,1.0,6.0,0.0
615,1,828000.0,7270.0,0.0,30.0,1.0,1.0,0.0
616,3,6782000.0,7272.0,11.92,45.08426395939086,1.0,7.0,0.0
617,2,200000.0,7277.0,3.73,45.0,1.0,6.0,0.0
618,0,110000.0,7275.0,3.22,8.0,0.7906309751434034,6.0,0.0
619,1,80000.0,7291.0,1.6,37.0,1.0,2.0,0.0
620,2,300000.0,7289.0,5.59,59.0,0.7906309751434034,4.0,1.0
621,3,150000.0,7296.0,7.18,90.0,0.7906309751434034,8.0,0.0
622,3,1200000.0,7293.0,25.13,276.0,1.0,8.0,0.0
623,1,250000.0,3243.0,0.0,14.0,1.0,7.0,0.0
624,1,240000.0,3266.0,0.0,45.08426395939086,1.0,2.0,0.0
625,3,690000.0,3268.0,13.96,45.08426395939086,1.0,3.0,0.0
626,1,30000.0,3264.0,0.0,45.08426395939086,0.7906309751434034,7.0,1.0
627,3,2810000.0,3261.0,20.1,29.0,1.0,4.0,0.0
628,1,880000.0,3262.0,0.0,23.0,1.0,7.0,0.0
629,2,38000.0,3265.0,8.15,8.0,1.0,2.0,0.0
630,3,415000.0,3263.0,74.0,51.0,1.0,6.0,0.0
631,2,560000.0,8620.0,6.47,42.0,0.7906309751434034,5.0,0.0
632,3,6230000.0,8623.0,12.63,53.0,1.0,5.0,0.0
633,3,560000.0,8622.0,8.8,104.0,0.7906309751434034,7.0,0.0
634,3,2400000.0,8624.0,12.97,53.0,1.0,15.0,0.0
635,3,1255000.0,8619.0,18.3,77.0,1.0,11.0,0.0
636,2,360000.0,8625.0,4.28,16.0,0.7906309751434034,5.0,1.0
637,1,11100000.0,8626.0,0.0,141.0,1.0,10.0,0.0
638,2,993000.0,8621.0,5.11,20.0,0.7906309751434034,5.0,0.0
639,1,301000.0,8643.0,0.0,45.08426395939086,1.0,5.0,0.0
640,2,8040000.0,8641.0,1.69,45.08426395939086,1.0,6.0,0.0
641,1,2450000.0,8645.0,0.25,14.0,1.0,10.0,0.0
642,0,24000.0,8638.0,0.0,1.0,1.0,5.0,0.0
643,0,168000.0,4668.0,0.0,3.0,1.0,2.0,0.0
644,2,180000.0,4667.0,5.1,19.0,1.0,3.0,0.0
645,0,504000.0,4673.0,3.85,8.0,1.0,5.0,0.0
646,2,1200000.0,4672.0,2.28,16.0,1.0,5.0,0.0
647,3,150000.0,4670.0,36.47,102.0,1.0,7.0,0.0
648,0,50000.0,4671.0,1.53,11.0,1.0,4.0,0.0
649,1,500000.0,8664.0,0.0,45.08426395939086,1.0,3.0,0.0
650,3,612000.0,4709.0,38.26,58.0,0.7906309751434034,8.0,0.0
651,3,501000.0,4710.0,31.44,121.0,1.0,6.0,0.0
652,2,1680000.0,4706.0,1.35,101.0,1.0,15.0,0.0
653,3,998000.0,4705.0,24.1,36.0,1.0,7.0,0.0
654,3,83000.0,4707.0,14.97,71.0,1.0,6.0,0.0
655,2,573000.0,4708.0,14.55,22.0,1.0,2.0,0.0
656,3,2606000.0,4712.0,21.2,24.0,1.0,6.0,0.0
657,0,216000.0,8680.0,1.81,3.0,0.7906309751434034,6.0,0.0
658,2,110000.0,8676.0,9.77,10.0,0.7906309751434034,8.0,0.0
659,2,90000.0,8682.0,9.44,51.0,1.0,3.0,0.0
660,2,70000.0,8681.0,2.46,74.0,1.0,4.0,0.0
661,1,30000.0,8679.0,0.86,42.0,0.7906309751434034,5.0,0.0
662,3,282000.0,8683.0,8.68,99.0,0.7906309751434034,9.0,0.0
663,2,140000.0,8677.0,2.14,15.0,0.7906309751434034,4.0,0.0
664,3,4000.0,4729.0,23.77,53.0,0.7906309751434034,12.0,0.0
665,3,162000.0,4727.0,20.41,45.0,0.7906309751434034,10.0,0.0
666,0,420000.0,4725.0,2.02,0.0,1.0,11.0,0.0
667,0,54000.0,4731.0,29.94,3.0,1.0,2.0,0.0
668,3,60000.0,4728.0,15.85,46.0,0.7906309751434034,6.0,0.0
669,1,560000.0,8698.0,0.0,26.0,0.7906309751434034,2.0,0.0
670,3,160000.0,8699.0,9.04,65.0,0.7906309751434034,11.0,0.0
671,3,290000.0,8696.0,29.11,45.08426395939086,1.0,4.0,0.0
672,2,84000.0,8697.0,1.43,30.0,0.7906309751434034,9.0,0.0
673,3,500000.0,8702.0,15.7,79.0,1.0,7.0,0.0
674,2,18000.0,4744.0,4.62,20.0,0.7906309751434034,5.0,0.0
675,2,518000.0,4750.0,4.39,56.0,0.7906309751434034,10.0,0.0
676,2,240000.0,8722.0,5.19,53.0,0.7906309751434034,6.0,0.0
677,3,600000.0,8714.0,9.08,98.0,0.7906309751434034,9.0,0.0
678,3,196500.0,8716.0,73.1,109.0,0.0,12.0,0.0
679,0,108000.0,8717.0,8.9,7.0,0.0,9.0,0.0
680,0,60000.0,8715.0,4.83,5.0,0.0,4.0,0.0
681,2,246000.0,8718.0,2.7,61.0,1.0,5.0,0.0
682,2,288000.0,8720.0,3.12,50.0,1.0,10.0,0.0
683,3,720000.0,4769.0,23.06,92.0,0.7906309751434034,11.0,0.0
684,2,30000.0,4762.0,7.8,45.08426395939086,1.0,9.0,0.0
685,2,100000.0,4767.0,7.05,45.08426395939086,1.0,5.0,0.0
686,0,536000.0,4765.0,3.0,5.0,1.0,3.0,0.0
687,3,110000.0,4766.0,34.96,146.0,1.0,11.0,0.0
688,3,150000.0,4768.0,21.52,48.0,1.0,6.0,0.0
689,3,2846000.0,4764.0,30.28,61.0,1.0,8.0,0.0
690,1,420000.0,8756.0,0.0,45.08426395939086,1.0,2.0,0.0
691,2,40000.0,8755.0,6.56,45.08426395939086,0.7906309751434034,2.0,0.0
692,2,125000.0,8757.0,2.46,78.0,0.7906309751434034,5.0,0.0
693,3,450000.0,8762.0,7.73,65.0,1.0,7.0,1.0
694,2,120000.0,8759.0,10.61,25.0,0.7906309751434034,5.0,0.0
695,3,408000.0,8758.0,15.33,193.0,0.0,14.0,0.0
696,2,60000.0,4787.0,7.88,45.08426395939086,1.0,1.0,0.0
697,3,168000.0,4783.0,14.38,73.0,0.7906309751434034,15.0,0.0
698,3,615000.0,4788.0,9.42,78.0,0.7906309751434034,10.0,0.0
699,0,70000.0,4782.0,3.8,8.0,1.0,3.0,0.0
700,0,88000.0,4789.0,2.08,7.0,1.0,3.0,0.0
701,1,50000.0,4786.0,1.2,45.08426395939086,1.0,3.0,0.0
702,0,30000.0,4781.0,0.22,2.0,1.0,3.0,0.0
703,1,2369900.0,8772.0,0.01,45.08426395939086,1.0,5.0,0.0
704,1,275000.0,8776.0,1.76,45.08426395939086,1.0,1.0,0.0
705,2,272000.0,8778.0,2.24,26.0,1.0,7.0,0.0
706,1,4000.0,8774.0,0.6,45.08426395939086,0.7906309751434034,1.0,0.0
707,1,2400000.0,8773.0,1.23,45.08426395939086,0.7906309751434034,5.0,0.0
708,2,870000.0,8771.0,1.82,22.0,0.7906309751434034,3.0,0.0
709,2,1119200.0,8777.0,3.84,44.0,0.7906309751434034,6.0,0.0
710,2,2145000.0,4807.0,11.35,13.0,0.7906309751434034,6.0,0.0
711,3,1086000.0,4800.0,158.21,194.0,0.7906309751434034,33.0,0.0
712,1,45000.0,4802.0,0.0,14.0,0.7906309751434034,4.0,0.0
713,2,7030000.0,4806.0,6.25,22.0,1.0,4.0,0.0
714,2,336000.0,8795.0,1.97,52.0,0.7906309751434034,11.0,0.0
715,3,1413000.0,8793.0,5.87,98.0,0.0,11.0,0.0
716,1,108000.0,8790.0,1.3,45.08426395939086,0.7906309751434034,6.0,0.0
717,3,576000.0,8791.0,15.67,27.0,0.7906309751434034,7.0,1.0
718,2,72000.0,8794.0,11.53,45.08426395939086,0.7906309751434034,2.0,0.0
719,3,220000.0,4823.0,9.14,98.0,0.7906309751434034,9.0,0.0
720,2,225000.0,4821.0,7.34,47.0,0.7906309751434034,7.0,0.0
721,3,173000.0,4826.0,25.1,130.0,1.0,11.0,1.0
722,2,160000.0,4820.0,2.73,13.0,0.7906309751434034,7.0,0.0
723,1,15000.0,4824.0,1.28,15.0,1.0,4.0,0.0
724,2,165000.0,4829.0,5.47,51.0,1.0,10.0,0.0
725,2,1880000.0,8816.0,1.89,45.08426395939086,0.7906309751434034,6.0,0.0
726,1,5944000.0,8815.0,0.2,45.08426395939086,1.0,2.0,0.0
727,2,30000.0,8814.0,1.93,45.08426395939086,0.7906309751434034,7.0,0.0
728,2,2545000.0,8818.0,2.7,89.0,1.0,2.0,0.0
729,3,14000000.0,8812.0,6.54,134.0,1.0,7.0,0.0
730,2,30000.0,8813.0,2.1,45.08426395939086,1.0,3.0,0.0
731,3,4995000.0,4845.0,34.39,27.0,1.0,7.0,0.0
732,2,1920000.0,4841.0,5.21,38.0,0.7906309751434034,7.0,0.0
733,1,60000.0,4838.0,0.23,45.08426395939086,0.7906309751434034,7.0,0.0
734,2,1522000.0,4840.0,8.82,30.0,1.0,4.0,0.0
735,0,3330000.0,4843.0,4.79,2.0,1.0,4.0,0.0
736,3,2740000.0,4842.0,23.23,14.0,1.0,8.0,0.0
737,1,1700000.0,4844.0,0.26,29.0,0.7906309751434034,8.0,0.0
738,2,145000.0,4839.0,6.9,45.08426395939086,0.7906309751434034,1.0,1.0
739,1,718200.0,4861.0,1.54,32.0,1.0,1.0,1.0
740,2,5000.0,4860.0,2.19,45.08426395939086,1.0,4.0,1.0
741,1,654000.0,4863.0,0.54,42.0,0.7906309751434034,7.0,0.0
742,2,570000.0,8835.0,6.07,45.08426395939086,0.7906309751434034,6.0,0.0
743,2,102000.0,8832.0,2.7,45.08426395939086,0.7906309751434034,5.0,0.0
744,1,140000.0,8829.0,1.03,13.0,1.0,8.0,0.0
745,1,778200.0,8833.0,0.85,45.08426395939086,0.7906309751434034,3.0,0.0
746,3,1015000.0,4880.0,115.18,45.08426395939086,0.7906309751434034,8.0,1.0
747,3,150000.0,4877.0,48.14,48.0,0.7906309751434034,6.0,0.0
748,2,1424000.0,4882.0,5.96,134.0,1.0,2.0,0.0
749,3,2000000.0,4879.0,21.02,45.08426395939086,0.7906309751434034,10.0,0.0
750,3,990000.0,4876.0,21.24,19.0,1.0,4.0,0.0
751,3,138000.0,4881.0,7.74,74.0,0.7906309751434034,8.0,0.0
752,2,160000.0,4878.0,6.7,42.0,1.0,8.0,0.0
753,2,37000.0,4883.0,6.65,50.0,1.0,7.0,0.0
754,3,32000.0,8853.0,25.64,109.0,0.7906309751434034,10.0,0.0
755,2,630000.0,8847.0,2.04,26.0,0.0,8.0,0.0
756,2,84000.0,8850.0,7.88,42.0,1.0,4.0,0.0
757,2,1200000.0,8851.0,7.7,33.0,0.7906309751434034,7.0,0.0
758,3,288210.0,8849.0,37.77,64.0,0.0,10.0,0.0
759,2,2000000.0,8857.0,7.8,61.0,0.7906309751434034,4.0,0.0
760,1,129000.0,8848.0,0.0,62.0,1.0,7.0,0.0
761,1,176000.0,4253.0,0.0,45.08426395939086,0.7906309751434034,3.0,1.0
762,1,7500.0,4256.0,0.0,45.08426395939086,0.7906309751434034,3.0,0.0
763,1,414000.0,4250.0,0.0,45.08426395939086,0.7906309751434034,7.0,0.0
764,1,36000.0,4255.0,0.0,45.08426395939086,1.0,2.0,0.0
765,1,830000.0,4254.0,0.0,54.0,1.0,3.0,1.0
766,3,1660000.0,4252.0,6.02,74.0,1.0,7.0,0.0
767,1,180000.0,4251.0,0.0,11.0,1.0,7.0,0.0
768,2,900000.0,8220.0,3.86,28.0,0.7906309751434034,9.0,1.0
769,1,1500000.0,8222.0,0.0,45.08426395939086,0.7906309751434034,5.0,0.0
770,2,295000.0,8221.0,1.74,43.0,0.0,13.0,0.0
771,2,341600.0,8224.0,5.95,45.08426395939086,0.7906309751434034,5.0,0.0
772,2,70000.0,8228.0,2.53,45.08426395939086,0.7906309751434034,4.0,0.0
773,2,696000.0,8227.0,8.11,27.0,1.0,10.0,0.0
774,1,1435000.0,4271.0,0.11,37.0,1.0,2.0,0.0
775,2,450000.0,4270.0,3.06,45.08426395939086,1.0,5.0,0.0
776,2,1050000.0,4274.0,9.2,27.0,0.7906309751434034,8.0,0.0
777,0,690000.0,4273.0,3.13,2.0,0.7906309751434034,4.0,0.0
778,0,126000.0,4269.0,0.71,4.0,0.7906309751434034,5.0,1.0
779,1,552000.0,4275.0,0.95,45.08426395939086,1.0,1.0,0.0
780,2,200000.0,4268.0,10.48,45.08426395939086,0.7906309751434034,2.0,0.0
781,0,54000.0,8240.0,0.55,9.0,0.7906309751434034,8.0,1.0
782,1,210000.0,8241.0,0.3,45.08426395939086,1.0,6.0,0.0
783,1,290000.0,8243.0,0.0,45.08426395939086,0.7906309751434034,2.0,0.0
784,1,223500.0,8246.0,0.0,11.0,0.7906309751434034,5.0,0.0
785,1,12200000.0,4290.0,1.12,39.0,1.0,7.0,0.0
786,3,225000.0,4287.0,33.13,20.0,1.0,9.0,0.0
787,0,580000.0,6495.0,4.94,2.0,1.0,3.0,0.0
788,1,12000.0,6493.0,0.89,18.0,0.7906309751434034,4.0,0.0
789,1,270000.0,6497.0,0.6,20.0,0.7906309751434034,3.0,0.0
790,0,30000.0,6492.0,4.54,13.0,0.0,8.0,0.0
791,0,420000.0,6496.0,0.6,7.0,1.0,4.0,0.0
792,1,5000.0,6491.0,0.13,51.0,0.0,5.0,0.0
793,1,414000.0,2504.0,0.04,45.08426395939086,1.0,8.0,0.0
794,1,150000.0,2503.0,0.36,45.08426395939086,0.7906309751434034,5.0,0.0
795,3,2120000.0,2505.0,40.5,45.08426395939086,0.7906309751434034,9.0,0.0
796,1,50000.0,2501.0,0.5,35.0,0.0,4.0,0.0
797,1,90000.0,6519.0,0.37,45.08426395939086,0.7906309751434034,4.0,0.0
798,3,3641500.0,6517.0,5.8,154.0,1.0,3.0,0.0
799,1,379000.0,6515.0,0.8,45.08426395939086,0.7906309751434034,6.0,0.0
800,2,350000.0,6510.0,4.36,36.0,1.0,8.0,0.0
801,1,140120.0,2522.0,0.0,42.0,1.0,6.0,0.0
802,0,204000.0,2523.0,0.0,2.0,0.7906309751434034,7.0,0.0
803,1,200000.0,2527.0,0.1,45.08426395939086,0.7906309751434034,14.0,1.0
804,1,200000.0,2524.0,0.0,20.0,0.0,14.0,0.0
805,1,30000.0,2526.0,0.0,45.08426395939086,0.7906309751434034,4.0,0.0
806,0,150000.0,6531.0,0.0,2.0,0.7906309751434034,7.0,0.0
807,1,50000.0,6530.0,0.0,45.08426395939086,1.0,9.0,0.0
808,0,80000.0,6551.0,2.65,1.0,1.0,6.0,0.0
809,1,173000.0,6552.0,0.9,42.0,1.0,5.0,0.0
810,2,959999.0,6554.0,7.85,45.08426395939086,1.0,2.0,0.0
811,1,93000.0,6549.0,0.09,45.08426395939086,1.0,5.0,0.0
812,1,70000.0,6550.0,0.92,45.08426395939086,0.7906309751434034,8.0,0.0
813,1,1710000.0,2566.0,0.43,16.0,1.0,3.0,0.0
814,2,35000.0,2560.0,1.6,45.08426395939086,1.0,4.0,0.0
815,3,984000.0,6573.0,17.72,69.0,1.0,15.0,0.0
816,3,45000.0,6572.0,17.3,105.0,1.0,10.0,0.0
817,3,630000.0,6574.0,18.31,160.0,1.0,8.0,0.0
818,3,2640000.0,6577.0,65.65,398.0,1.0,17.0,0.0
819,3,270000.0,6569.0,8.85,91.0,1.0,8.0,0.0
820,3,1170000.0,6570.0,8.84,61.0,1.0,9.0,0.0
821,3,216000.0,6567.0,30.8,61.0,0.7906309751434034,13.0,0.0
822,2,300000.0,2579.0,1.84,54.0,1.0,6.0,0.0
823,1,2160000.0,2584.0,1.24,45.08426395939086,1.0,9.0,0.0
824,1,29400.0,2577.0,0.1,45.08426395939086,0.7906309751434034,3.0,0.0
825,1,60000.0,2580.0,0.91,34.0,0.0,7.0,0.0
826,0,540000.0,2582.0,0.7,6.0,1.0,5.0,0.0
827,1,60000.0,2583.0,0.3,45.08426395939086,0.7906309751434034,5.0,0.0
828,0,53000.0,2578.0,1.0,4.0,0.0,7.0,0.0
829,0,138000.0,2581.0,0.6,3.0,0.7906309751434034,1.0,1.0
830,2,50000.0,6592.0,2.03,20.0,1.0,10.0,0.0
831,1,178500.0,6594.0,0.53,45.08426395939086,0.7906309751434034,9.0,0.0
832,0,410000.0,6590.0,0.4,7.0,1.0,9.0,0.0
833,0,785000.0,6591.0,0.54,6.0,0.7906309751434034,6.0,0.0
834,0,50000.0,6593.0,0.58,4.0,0.0,5.0,0.0
835,0,40000.0,6888.0,0.13,0.0,0.0,9.0,0.0
836,0,470000.0,6586.0,2.25,15.0,0.0,10.0,0.0
837,1,35000.0,2599.0,1.42,45.08426395939086,0.7906309751434034,1.0,0.0
838,1,305000.0,2600.0,1.5,14.0,0.7906309751434034,7.0,0.0
839,1,31500.0,2601.0,0.1,45.08426395939086,0.7906309751434034,8.0,0.0
840,1,357000.0,2598.0,0.16,27.0,1.0,5.0,0.0
841,1,7000.0,2596.0,0.1,10.0,0.7906309751434034,8.0,0.0
842,1,63000.0,2597.0,0.1,32.0,1.0,4.0,0.0
843,0,39999.0,6611.0,0.4,6.0,0.0,6.0,0.0
844,1,35000.0,6610.0,0.0,45.08426395939086,0.7906309751434034,4.0,0.0
845,1,67200.0,6609.0,0.52,45.08426395939086,1.0,4.0,0.0
846,1,44000.0,6608.0,0.71,45.08426395939086,1.0,8.0,0.0
847,2,36000.0,4390.0,2.89,31.0,1.0,7.0,0.0
848,1,112000.0,4384.0,0.48,85.0,1.0,5.0,0.0
849,3,611000.0,4385.0,6.98,147.0,1.0,6.0,0.0
850,2,20000.0,4383.0,3.8,55.0,1.0,7.0,0.0
851,2,570000.0,4388.0,8.0,25.0,1.0,3.0,0.0
852,3,126000.0,4387.0,9.2,53.0,1.0,5.0,0.0
853,1,124999.0,4407.0,0.0,45.08426395939086,0.7906309751434034,3.0,1.0
854,2,885000.0,8354.0,8.23,29.0,1.0,9.0,0.0
855,2,99400.0,8358.0,6.99,15.0,0.7906309751434034,7.0,0.0
856,2,597000.0,8353.0,2.36,45.08426395939086,1.0,3.0,0.0
857,2,480000.0,8360.0,5.16,56.0,0.7906309751434034,6.0,0.0
858,2,342000.0,8359.0,5.16,43.0,1.0,11.0,0.0
859,3,2243760.0,8355.0,6.1,97.0,1.0,14.0,0.0
860,1,300000.0,8357.0,1.28,178.0,0.0,5.0,0.0
861,2,920550.0,8356.0,2.12,70.0,0.7906309751434034,8.0,0.0
862,2,30000.0,4427.0,3.58,45.08426395939086,1.0,1.0,1.0
863,1,95850.0,4426.0,1.0,45.08426395939086,1.0,1.0,0.0
864,3,748000.0,4424.0,16.67,115.0,1.0,8.0,0.0
865,2,140000.0,4422.0,6.54,16.0,1.0,4.0,0.0
866,3,2955000.0,4425.0,15.2,120.0,1.0,4.0,0.0
867,3,502000.0,4423.0,6.3,96.0,1.0,6.0,0.0
868,0,140000.0,4420.0,3.35,7.0,0.7906309751434034,3.0,0.0
869,3,1334000.0,4421.0,37.07,45.08426395939086,1.0,4.0,0.0
870,3,250000.0,8373.0,7.33,48.0,1.0,13.0,0.0
871,2,250000.0,8378.0,4.96,45.08426395939086,0.7906309751434034,11.0,0.0
872,1,65000.0,8375.0,1.32,42.0,0.7906309751434034,3.0,0.0
873,2,3122000.0,8379.0,9.21,33.0,1.0,3.0,0.0
874,3,500000.0,8376.0,20.95,181.0,1.0,11.0,0.0
875,1,1470000.0,8372.0,1.06,26.0,1.0,8.0,0.0
876,3,132000.0,8374.0,6.64,62.0,0.7906309751434034,8.0,0.0
877,2,180000.0,4440.0,4.9,57.0,0.7906309751434034,9.0,0.0
878,2,75000.0,4442.0,1.6,35.0,0.7906309751434034,5.0,0.0
879,3,300000.0,4446.0,7.1,78.0,0.7906309751434034,10.0,0.0
880,2,7000.0,4439.0,1.66,22.0,1.0,5.0,0.0
881,2,1365000.0,4441.0,2.8,214.0,1.0,8.0,0.0
882,2,36000.0,4443.0,5.19,58.0,1.0,12.0,0.0
883,3,388000.0,4445.0,11.5,32.0,1.0,8.0,0.0
884,2,168000.0,4444.0,2.17,29.0,1.0,2.0,0.0
885,0,90000.0,8391.0,24.8,0.0,1.0,8.0,0.0
886,2,486000.0,8394.0,8.32,35.0,0.7906309751434034,7.0,0.0
887,2,325000.0,8393.0,3.88,29.0,0.7906309751434034,5.0,1.0
888,0,770000.0,8397.0,9.05,5.0,1.0,5.0,0.0
889,2,516000.0,8396.0,3.32,11.0,1.0,3.0,0.0
890,3,1754000.0,4462.0,8.04,178.0,1.0,10.0,0.0
891,1,555000.0,4461.0,0.08,45.08426395939086,0.7906309751434034,3.0,0.0
892,1,60000.0,4465.0,0.0,45.08426395939086,1.0,5.0,0.0
893,0,32000.0,4463.0,0.12,3.0,0.7906309751434034,10.0,0.0
894,2,462000.0,8413.0,2.72,52.0,1.0,5.0,0.0
895,1,225000.0,8410.0,1.1,62.0,1.0,6.0,0.0
896,3,146000.0,8414.0,7.93,63.0,1.0,7.0,0.0
897,0,100000.0,8412.0,1.1,0.0,1.0,2.0,0.0
898,3,96000.0,8417.0,17.14,80.0,1.0,6.0,0.0
899,2,280000.0,8411.0,7.18,32.0,1.0,7.0,0.0
900,3,420000.0,8415.0,6.42,139.0,0.7906309751434034,10.0,0.0
901,2,150000.0,4477.0,5.3,39.0,1.0,6.0,0.0
902,3,805000.0,4484.0,26.2,49.0,1.0,6.0,0.0
903,0,120000.0,4478.0,2.8,4.0,1.0,7.0,0.0
904,3,400000.0,4479.0,9.63,98.0,0.7906309751434034,23.0,0.0
905,3,85000.0,4482.0,11.36,86.0,0.7906309751434034,6.0,0.0
906,3,25000.0,4483.0,7.2,74.0,1.0,8.0,0.0
907,0,2218000.0,8436.0,3.93,5.0,1.0,3.0,0.0
908,1,395000.0,8433.0,0.95,15.0,0.7906309751434034,3.0,0.0
909,2,502000.0,8429.0,5.81,30.0,1.0,6.0,0.0
910,3,3100000.0,8430.0,22.06,100.0,1.0,8.0,0.0
911,2,196000.0,8434.0,3.93,45.08426395939086,1.0,7.0,0.0
912,0,360000.0,8432.0,1.05,2.0,1.0,7.0,0.0
913,1,170000.0,8435.0,0.39,26.0,1.0,3.0,0.0
914,3,297000.0,4496.0,10.54,37.0,1.0,4.0,0.0
915,2,316000.0,4497.0,6.81,81.0,1.0,3.0,1.0
916,3,15900000.0,4501.0,116.1,141.0,0.7906309751434034,22.0,0.0
917,2,6316000.0,4499.0,6.3,45.08426395939086,1.0,4.0,0.0
918,1,1979000.0,4498.0,0.01,87.0,1.0,6.0,0.0
919,3,7524000.0,4503.0,13.82,124.0,1.0,7.0,1.0
920,2,3156000.0,4502.0,7.7,41.0,1.0,6.0,0.0
921,2,500000.0,8448.0,2.94,49.0,0.7906309751434034,15.0,0.0
922,1,50000.0,8450.0,0.25,20.0,1.0,5.0,0.0
923,2,448000.0,2066.0,1.8,16.0,1.0,7.0,0.0
924,1,32000.0,2068.0,1.0,35.0,0.0,9.0,0.0
925,0,430000.0,2067.0,1.36,17.0,0.0,6.0,0.0
926,0,896000.0,2064.0,1.7,6.0,1.0,2.0,1.0
927,1,108000.0,2069.0,0.3,45.08426395939086,1.0,5.0,0.0
928,0,151000.0,2070.0,1.9,12.0,0.0,7.0,0.0
929,1,318000.0,2072.0,0.95,25.0,0.0,6.0,0.0
930,2,343000.0,2065.0,2.12,45.08426395939086,0.7906309751434034,7.0,0.0
931,1,105000.0,2086.0,0.0,45.08426395939086,1.0,8.0,0.0
932,1,168000.0,2089.0,0.6,45.08426395939086,0.7906309751434034,4.0,1.0
933,1,19500.0,2090.0,0.2,45.08426395939086,0.7906309751434034,5.0,0.0
934,2,235000.0,2083.0,1.8,19.0,1.0,4.0,0.0
935,2,120000.0,6081.0,4.97,9.0,1.0,7.0,0.0
936,1,330000.0,6076.0,1.37,28.0,1.0,4.0,0.0
937,0,370000.0,6074.0,7.78,3.0,1.0,5.0,0.0
938,0,3000.0,6079.0,1.72,1.0,1.0,2.0,1.0
939,2,325000.0,6078.0,4.07,21.0,0.0,7.0,0.0
940,1,100000.0,6075.0,1.49,80.0,0.0,6.0,0.0
941,3,240000.0,6077.0,8.65,92.0,1.0,6.0,0.0
942,0,251000.0,2105.0,2.6,10.0,0.0,7.0,0.0
943,0,205000.0,2102.0,0.7,9.0,0.0,4.0,0.0
944,0,362000.0,2109.0,1.96,2.0,0.0,6.0,0.0
945,2,1130000.0,2107.0,4.92,45.08426395939086,1.0,6.0,0.0
946,1,90000.0,2106.0,0.1,45.08426395939086,0.7906309751434034,3.0,0.0
947,2,280000.0,2103.0,8.1,45.08426395939086,0.7906309751434034,4.0,1.0
948,1,218000.0,2110.0,1.1,45.08426395939086,0.7906309751434034,2.0,0.0
949,0,1470000.0,2108.0,1.63,1.0,0.0,5.0,0.0
950,0,44999.0,6096.0,1.79,6.0,1.0,4.0,0.0
951,1,65000.0,6099.0,0.77,45.08426395939086,0.7906309751434034,2.0,0.0
952,0,28800.0,6092.0,0.29,9.0,0.0,3.0,0.0
953,1,55000.0,6095.0,1.16,56.0,1.0,7.0,0.0
954,0,30000.0,6094.0,0.28,10.0,0.0,6.0,1.0
955,1,43000.0,6098.0,0.15,53.0,0.0,6.0,0.0
956,1,396000.0,6097.0,0.71,45.08426395939086,1.0,2.0,1.0
957,0,21500.0,2126.0,0.5,1.0,0.0,5.0,0.0
958,1,491000.0,2122.0,0.57,45.08426395939086,1.0,1.0,0.0
959,0,80000.0,2127.0,4.68,3.0,1.0,5.0,0.0
960,2,760000.0,2125.0,1.74,16.0,1.0,5.0,0.0
961,2,749000.0,2124.0,3.76,15.0,1.0,7.0,0.0
962,0,516000.0,2123.0,1.2,7.0,1.0,5.0,0.0
963,1,475000.0,2121.0,1.5,45.08426395939086,0.7906309751434034,6.0,0.0
964,1,140500.0,6112.0,1.25,36.0,0.0,8.0,0.0
965,0,407400.0,6118.0,0.87,16.0,0.0,2.0,1.0
966,2,129100.0,6116.0,1.58,22.0,1.0,6.0,1.0
967,0,242000.0,6115.0,3.12,5.0,0.0,2.0,0.0
968,1,415500.0,6111.0,1.32,31.0,0.0,3.0,0.0
969,0,144000.0,6117.0,1.9,10.0,0.0,7.0,0.0
970,1,50000.0,6114.0,0.38,45.08426395939086,0.7906309751434034,3.0,0.0
971,1,180000.0,2140.0,1.42,28.0,0.0,6.0,0.0
972,0,40000.0,2145.0,0.76,2.0,0.0,5.0,0.0
973,2,2171500.0,2146.0,3.7,21.0,1.0,4.0,0.0
974,0,17500.0,2144.0,2.0,5.0,0.0,7.0,0.0
975,1,127999.0,2142.0,0.6,45.08426395939086,0.7906309751434034,3.0,0.0
976,1,25000.0,2141.0,0.7,45.08426395939086,0.7906309751434034,4.0,0.0
977,1,111000.0,2147.0,1.44,80.0,0.0,4.0,0.0
978,1,330000.0,6133.0,0.0,83.0,1.0,4.0,0.0
979,3,1750000.0,6131.0,7.22,84.0,0.0,7.0,0.0
980,2,276000.0,6132.0,3.37,70.0,1.0,5.0,0.0
981,2,120000.0,6130.0,2.6,45.0,1.0,4.0,0.0
982,3,1632000.0,6137.0,57.6,41.0,1.0,12.0,0.0
983,1,10000.0,2161.0,0.05,45.08426395939086,0.7906309751434034,5.0,0.0
984,0,50000.0,2159.0,2.5,3.0,0.0,10.0,0.0
985,1,50000.0,2162.0,1.6,45.08426395939086,0.7906309751434034,3.0,0.0
986,1,15000.0,2160.0,0.75,45.08426395939086,0.7906309751434034,6.0,0.0
987,2,105000.0,2165.0,2.04,51.0,1.0,8.0,0.0
988,2,43000.0,2166.0,5.0,45.08426395939086,0.7906309751434034,3.0,1.0
989,0,6000.0,6154.0,0.14,9.0,0.0,2.0,0.0
990,1,2045000.0,6155.0,0.62,31.0,0.0,5.0,0.0
991,1,210000.0,6150.0,0.85,45.08426395939086,1.0,2.0,0.0
992,1,343000.0,6149.0,1.28,45.08426395939086,1.0,3.0,0.0
993,0,25000.0,6156.0,0.64,12.0,0.0,7.0,1.0
994,2,332000.0,6153.0,1.86,14.0,1.0,6.0,0.0
995,0,1910000.0,6152.0,4.25,4.0,1.0,8.0,0.0
996,1,210000.0,6151.0,1.26,45.08426395939086,0.7906309751434034,3.0,1.0
997,0,12600.0,2180.0,0.7,10.0,0.0,6.0,0.0
998,1,818000.0,2181.0,1.34,45.08426395939086,1.0,4.0,0.0
999,2,40000.0,2185.0,4.81,15.0,1.0,5.0,0.0
1000,0,78000.0,2179.0,0.95,8.0,0.0,3.0,0.0
1001,1,7000.0,6173.0,0.78,45.08426395939086,0.7906309751434034,3.0,0.0
1002,1,90000.0,6171.0,1.44,45.08426395939086,0.7906309751434034,5.0,1.0
1003,0,41000.0,6172.0,0.13,2.0,1.0,12.0,0.0
1004,1,108000.0,6175.0,0.55,16.0,1.0,8.0,0.0
1005,2,6000.0,6174.0,2.29,45.08426395939086,0.7906309751434034,8.0,0.0
1006,1,36000.0,6168.0,0.0,45.08426395939086,0.7906309751434034,4.0,0.0
1007,1,702000.0,2197.0,0.0,51.0,1.0,5.0,0.0
1008,1,118000.0,2203.0,0.8,45.08426395939086,0.7906309751434034,5.0,0.0
1009,2,580250.0,2199.0,2.86,32.0,1.0,8.0,0.0
1010,2,25000.0,2204.0,2.76,45.08426395939086,0.7906309751434034,8.0,0.0
1011,1,60000.0,2198.0,0.4,45.08426395939086,0.7906309751434034,6.0,0.0
1012,3,1300000.0,2200.0,33.0,270.0,1.0,18.0,0.0
1013,2,72000.0,2202.0,8.12,45.08426395939086,0.7906309751434034,5.0,0.0
1014,0,65000.0,6191.0,2.48,11.0,0.0,7.0,0.0
1015,1,100000.0,6195.0,1.58,45.08426395939086,0.7906309751434034,4.0,0.0
1016,2,225000.0,6194.0,1.54,45.08426395939086,0.7906309751434034,7.0,0.0
1017,1,93000.0,6189.0,0.32,45.08426395939086,0.7906309751434034,2.0,0.0
1018,2,629000.0,6187.0,8.33,37.0,1.0,6.0,0.0
1019,2,88000.0,6188.0,2.86,45.08426395939086,0.7906309751434034,8.0,0.0
1020,0,168000.0,2221.0,1.0,2.0,0.7906309751434034,4.0,0.0
1021,1,10000.0,2223.0,0.74,45.08426395939086,0.7906309751434034,3.0,0.0
1022,0,654000.0,2220.0,2.27,0.0,0.0,2.0,0.0
1023,2,290000.0,2222.0,3.9,67.0,1.0,13.0,0.0
1024,2,298000.0,2218.0,3.74,50.0,1.0,5.0,0.0
1025,2,33000.0,2216.0,1.8,45.08426395939086,1.0,3.0,1.0
1026,2,185000.0,6210.0,2.52,26.0,1.0,5.0,0.0
1027,2,128000.0,6206.0,2.62,45.08426395939086,1.0,2.0,0.0
1028,1,890000.0,6213.0,1.44,45.08426395939086,1.0,3.0,0.0
1029,2,200000.0,6212.0,8.62,15.0,0.0,4.0,0.0
1030,1,7000.0,6211.0,0.54,45.08426395939086,0.7906309751434034,3.0,1.0
1031,3,3720000.0,6208.0,22.89,45.08426395939086,1.0,5.0,0.0
1032,0,20000.0,6226.0,0.0,12.0,0.0,4.0,0.0
1033,1,106000.0,2238.0,1.77,42.0,0.0,3.0,0.0
1034,0,21400.0,2242.0,0.5,4.0,0.0,3.0,1.0
1035,0,130000.0,2240.0,0.67,6.0,1.0,2.0,1.0
1036,1,56000.0,2235.0,1.1,45.08426395939086,1.0,3.0,1.0
1037,1,610000.0,2236.0,1.23,28.0,0.0,8.0,0.0
1038,2,175000.0,2239.0,2.9,31.0,0.7906309751434034,6.0,0.0
1039,0,40000.0,2241.0,4.28,4.0,0.0,2.0,0.0
1040,0,167000.0,2237.0,1.0,1.0,0.0,5.0,0.0
1041,1,250000.0,6244.0,1.23,62.0,1.0,4.0,0.0
1042,0,220000.0,6250.0,1.29,17.0,0.0,6.0,0.0
1043,0,381000.0,6245.0,5.03,14.0,0.0,6.0,0.0
1044,3,866000.0,6251.0,11.89,49.0,0.0,5.0,0.0
1045,0,288000.0,6248.0,3.1,16.0,0.0,6.0,0.0
1046,0,732000.0,6249.0,1.71,10.0,0.0,2.0,0.0
1047,2,675000.0,6247.0,1.46,46.0,1.0,6.0,0.0
1048,1,394000.0,6246.0,0.81,50.0,0.0,1.0,0.0
1049,2,400000.0,2259.0,3.83,38.0,1.0,6.0,0.0
1050,2,350000.0,2256.0,3.73,78.0,1.0,6.0,0.0
1051,2,420000.0,2254.0,1.8,45.08426395939086,0.7906309751434034,3.0,0.0
1052,2,120000.0,2260.0,2.2,45.08426395939086,0.7906309751434034,1.0,0.0
1053,0,104000.0,2255.0,2.93,4.0,1.0,4.0,0.0
1054,0,3010000.0,2257.0,5.75,7.0,0.0,6.0,0.0
1055,2,185000.0,2261.0,3.1,45.08426395939086,1.0,5.0,0.0
1056,0,604000.0,2258.0,5.2,4.0,0.0,4.0,0.0
1057,2,562500.0,6268.0,3.73,23.0,1.0,5.0,0.0
1058,0,192500.0,6270.0,0.98,10.0,1.0,4.0,0.0
1059,2,894000.0,6269.0,7.79,59.0,1.0,4.0,0.0
1060,2,1080000.0,6263.0,3.63,19.0,1.0,8.0,0.0
1061,0,506000.0,6264.0,2.39,12.0,0.0,6.0,0.0
1062,1,50000.0,6266.0,0.98,45.08426395939086,1.0,6.0,0.0
1063,2,700000.0,6265.0,1.64,45.08426395939086,1.0,4.0,0.0
1064,1,28000.0,6267.0,0.29,45.08426395939086,0.7906309751434034,3.0,0.0
1065,1,300000.0,3933.0,0.0,45.08426395939086,1.0,6.0,0.0
1066,2,235000.0,3951.0,1.93,172.0,0.0,11.0,0.0
1067,2,90000.0,3949.0,3.3,62.0,0.0,6.0,0.0
1068,1,54000.0,3948.0,0.83,66.0,0.0,11.0,0.0
1069,1,140000.0,3945.0,1.7,26.0,0.0,3.0,1.0
1070,1,10000.0,7918.0,0.91,21.0,0.0,7.0,0.0
1071,2,85000.0,7922.0,2.44,30.0,0.0,5.0,0.0
1072,2,247000.0,7923.0,1.98,25.0,1.0,8.0,0.0
1073,2,42000.0,7920.0,1.77,15.0,1.0,3.0,0.0
1074,0,74000.0,7917.0,1.25,13.0,0.0,3.0,1.0
1075,0,440000.0,7921.0,3.72,10.0,0.0,8.0,0.0
1076,1,180000.0,3967.0,0.35,45.08426395939086,0.7906309751434034,7.0,0.0
1077,1,320000.0,3970.0,0.05,41.0,1.0,3.0,0.0
1078,1,45000.0,7940.0,0.0,48.0,1.0,2.0,0.0
1079,3,176000.0,7939.0,8.03,82.0,1.0,17.0,0.0
1080,3,777000.0,7938.0,15.37,148.0,1.0,11.0,0.0
1081,3,169000.0,7941.0,10.92,106.0,0.0,11.0,0.0
1082,2,415000.0,7936.0,2.67,125.0,1.0,13.0,0.0
1083,3,280000.0,7942.0,19.84,64.0,0.7906309751434034,14.0,0.0
1084,3,808000.0,7937.0,7.06,79.0,1.0,11.0,0.0
1085,3,270400.0,7935.0,6.32,64.0,1.0,11.0,0.0
1086,3,357500.0,4007.0,14.69,94.0,1.0,8.0,0.0
1087,2,232000.0,4005.0,5.4,25.0,1.0,10.0,0.0
1088,0,286000.0,4004.0,2.31,7.0,1.0,7.0,0.0
1089,2,91800.0,4002.0,7.04,45.08426395939086,0.7906309751434034,8.0,0.0
1090,2,112000.0,7974.0,5.84,37.0,1.0,5.0,0.0
1091,1,240000.0,7975.0,0.4,19.0,1.0,4.0,0.0
1092,1,18000.0,7978.0,1.32,45.08426395939086,0.7906309751434034,5.0,0.0
1093,2,240000.0,7979.0,7.58,23.0,1.0,10.0,0.0
1094,1,90000.0,7973.0,0.35,38.0,1.0,4.0,1.0
1095,1,21000.0,7980.0,1.14,51.0,1.0,5.0,0.0
1096,1,51999.0,7996.0,0.02,31.0,0.7906309751434034,1.0,1.0
1097,3,890000.0,4026.0,8.78,105.0,1.0,10.0,0.0
1098,2,711200.0,4023.0,4.03,45.08426395939086,0.7906309751434034,7.0,0.0
1099,2,150000.0,4032.0,3.04,56.0,1.0,7.0,0.0
1100,3,180000.0,4025.0,24.5,52.0,1.0,8.0,0.0
1101,2,345000.0,4028.0,1.72,29.0,1.0,3.0,0.0
1102,2,94000.0,4027.0,5.86,14.0,1.0,6.0,1.0
1103,3,270500.0,8013.0,7.65,56.0,1.0,6.0,0.0
1104,2,253000.0,8017.0,5.14,20.0,1.0,4.0,0.0
1105,1,95000.0,8011.0,1.53,57.0,1.0,3.0,0.0
1106,2,170000.0,8014.0,3.56,90.0,1.0,5.0,0.0
1107,2,53000.0,8012.0,4.16,50.0,1.0,9.0,0.0
1108,2,69999.0,8018.0,3.37,45.08426395939086,0.7906309751434034,1.0,0.0
1109,3,756000.0,4041.0,5.3,72.0,1.0,12.0,0.0
1110,3,582000.0,4046.0,4.8,92.0,1.0,15.0,0.0
1111,1,384000.0,4040.0,0.45,46.0,1.0,6.0,0.0
1112,3,2454000.0,4043.0,9.45,32.0,1.0,11.0,0.0
1113,0,60000.0,4047.0,1.13,4.0,0.0,2.0,0.0
1114,1,78000.0,4042.0,0.7,45.08426395939086,0.7906309751434034,7.0,0.0
1115,1,16000.0,4045.0,1.28,28.0,1.0,6.0,1.0
1116,2,144000.0,4044.0,11.97,25.0,1.0,3.0,1.0
1117,1,134000.0,8030.0,0.05,45.08426395939086,1.0,3.0,0.0
1118,0,40000.0,8035.0,0.0,7.0,0.0,7.0,0.0
1119,0,80000.0,8036.0,0.0,2.0,1.0,7.0,0.0
1120,1,11000.0,4062.0,0.26,45.0,0.0,6.0,0.0
1121,1,14500.0,4081.0,0.21,45.08426395939086,1.0,7.0,0.0
1122,2,101000.0,4080.0,2.91,21.0,1.0,5.0,0.0
1123,2,66000.0,4078.0,4.12,30.0,1.0,8.0,1.0
1124,2,42500.0,4085.0,3.37,19.0,0.7906309751434034,2.0,0.0
1125,3,892500.0,4084.0,8.5,72.0,1.0,6.0,0.0
1126,2,445000.0,8079.0,5.64,59.0,1.0,6.0,0.0
1127,0,570000.0,8074.0,1.67,8.0,0.7906309751434034,8.0,0.0
1128,2,797000.0,8068.0,4.64,62.0,1.0,10.0,0.0
1129,0,69000.0,8071.0,0.51,5.0,1.0,4.0,0.0
1130,3,2470000.0,8076.0,10.78,57.0,1.0,9.0,0.0
1131,3,375000.0,8069.0,11.47,119.0,1.0,8.0,0.0
1132,1,135000.0,8070.0,0.0,28.0,1.0,8.0,1.0
1133,3,300000.0,8073.0,16.63,87.0,1.0,14.0,0.0
1134,2,100000.0,3018.0,2.94,17.0,1.0,2.0,1.0
1135,2,42000.0,7110.0,2.85,29.0,1.0,6.0,0.0
1136,2,110000.0,7106.0,2.17,26.0,1.0,7.0,0.0
1137,3,1839000.0,3035.0,12.9,67.0,1.0,4.0,0.0
1138,1,419000.0,3038.0,0.0,57.0,1.0,7.0,0.0
1139,2,60000.0,3042.0,3.82,15.0,1.0,4.0,0.0
1140,3,120000.0,3034.0,14.36,30.0,1.0,3.0,0.0
1141,2,28000.0,3039.0,4.2,118.0,1.0,4.0,0.0
1142,2,196000.0,3040.0,10.8,15.0,1.0,3.0,1.0
1143,2,55000.0,7119.0,3.47,31.0,0.0,8.0,0.0
1144,3,960000.0,7118.0,16.58,83.0,1.0,9.0,0.0
1145,2,520250.0,7120.0,4.45,31.0,1.0,11.0,0.0
1146,3,7245000.0,7122.0,28.45,167.0,1.0,17.0,0.0
1147,0,28500.0,7121.0,1.43,1.0,0.0,5.0,0.0
1148,1,60000.0,7124.0,0.0,39.0,1.0,8.0,0.0
1149,1,630000.0,7125.0,0.0,82.0,1.0,9.0,0.0
1150,2,360000.0,7123.0,2.63,50.0,1.0,3.0,0.0
1151,0,150000.0,3052.0,7.4,3.0,1.0,12.0,1.0
1152,3,351000.0,3077.0,3.4,172.0,0.0,11.0,0.0
1153,2,440000.0,3076.0,5.5,52.0,1.0,4.0,1.0
1154,3,795000.0,3071.0,15.1,68.0,1.0,9.0,0.0
1155,0,255000.0,3073.0,0.0,6.0,1.0,3.0,0.0
1156,3,2552500.0,3078.0,9.32,95.0,1.0,4.0,0.0
1157,1,528000.0,3074.0,1.27,107.0,0.0,9.0,0.0
1158,2,40000.0,7166.0,4.81,16.0,1.0,6.0,0.0
1159,2,81000.0,7162.0,6.93,29.0,1.0,7.0,0.0
1160,0,80000.0,7161.0,7.41,4.0,1.0,8.0,0.0
1161,2,120000.0,7157.0,4.45,48.0,1.0,3.0,0.0
1162,2,95400.0,7158.0,2.69,23.0,1.0,2.0,1.0
1163,3,175000.0,3097.0,9.7,59.0,0.0,6.0,0.0
1164,2,238000.0,3095.0,1.7,109.0,1.0,8.0,0.0
1165,0,2500.0,3091.0,9.1,1.0,1.0,3.0,1.0
1166,2,167000.0,3096.0,6.87,14.0,1.0,6.0,0.0
1167,0,86400.0,3090.0,0.53,3.0,1.0,4.0,0.0
1168,2,288000.0,3093.0,2.27,58.0,0.0,13.0,0.0
1169,0,32000.0,3115.0,0.68,2.0,0.0,6.0,1.0
1170,2,260000.0,3110.0,2.8,45.08426395939086,1.0,1.0,0.0
1171,1,36300.0,3116.0,0.2,45.08426395939086,1.0,1.0,1.0
1172,0,39000.0,3114.0,1.49,2.0,1.0,1.0,1.0
1173,3,2740000.0,7028.0,20.11,78.0,1.0,6.0,0.0
1174,2,500000.0,7023.0,5.17,43.0,0.0,6.0,0.0
1175,2,855000.0,7030.0,3.82,42.0,1.0,8.0,0.0
1176,1,388000.0,7026.0,0.0,13.0,1.0,4.0,1.0
1177,3,910000.0,7029.0,8.91,90.0,1.0,6.0,0.0
1178,2,613000.0,7025.0,2.42,40.0,1.0,6.0,0.0
1179,3,2003000.0,7027.0,8.44,113.0,1.0,6.0,0.0
1180,2,780000.0,2944.0,4.59,29.0,1.0,2.0,0.0
1181,3,80000.0,2938.0,9.46,62.0,1.0,8.0,0.0
1182,2,830000.0,2939.0,5.48,21.0,0.7906309751434034,3.0,0.0
1183,3,390000.0,2943.0,12.52,76.0,0.7906309751434034,9.0,0.0
1184,0,94000.0,2940.0,2.31,3.0,1.0,4.0,0.0
1185,0,105000.0,2941.0,1.07,5.0,0.7906309751434034,1.0,1.0
1186,2,50000.0,2942.0,6.86,29.0,0.7906309751434034,5.0,0.0
1187,3,3420000.0,7044.0,43.52,219.0,1.0,9.0,0.0
1188,3,1684000.0,7049.0,33.39,89.0,0.7906309751434034,5.0,1.0
1189,1,30000.0,7043.0,0.69,96.0,1.0,7.0,0.0
1190,2,240000.0,7047.0,3.24,31.0,1.0,7.0,0.0
1191,3,2100000.0,7045.0,12.65,123.0,1.0,12.0,0.0
1192,2,300000.0,7046.0,2.84,41.0,0.7906309751434034,7.0,0.0
1193,1,70000.0,2963.0,0.73,26.0,0.0,3.0,0.0
1194,1,121000.0,2962.0,0.69,17.0,1.0,2.0,0.0
1195,1,210000.0,2958.0,0.75,20.0,1.0,5.0,0.0
1196,2,255000.0,2959.0,9.46,21.0,1.0,8.0,0.0
1197,2,24000.0,2957.0,7.53,16.0,0.0,11.0,0.0
1198,0,240000.0,2961.0,0.34,3.0,0.0,4.0,0.0
1199,2,82000.0,2960.0,1.52,17.0,1.0,7.0,0.0
1200,2,138000.0,2964.0,2.39,39.0,0.7906309751434034,10.0,0.0
1201,0,70000.0,2996.0,3.04,7.0,1.0,3.0,0.0
1202,2,333000.0,2999.0,8.13,45.08426395939086,1.0,2.0,0.0
1203,1,200000.0,2998.0,0.0,45.08426395939086,0.7906309751434034,3.0,0.0
1204,1,10300000.0,7083.0,0.0,45.08426395939086,1.0,7.0,1.0
1205,1,1568800.0,7087.0,0.0,45.08426395939086,1.0,3.0,0.0
1206,2,184000.0,4099.0,3.66,45.08426395939086,1.0,1.0,1.0
1207,1,10000.0,4097.0,0.06,45.08426395939086,0.7906309751434034,4.0,1.0
1208,2,4284000.0,4103.0,1.68,45.08426395939086,1.0,3.0,0.0
1209,1,81000.0,4100.0,0.0,45.08426395939086,1.0,2.0,0.0
1210,2,440000.0,4104.0,2.17,45.08426395939086,0.7906309751434034,5.0,1.0
1211,2,270000.0,8091.0,1.82,45.08426395939086,1.0,3.0,0.0
1212,2,1340000.0,8087.0,7.04,26.0,0.7906309751434034,7.0,0.0
1213,2,145000.0,8090.0,2.46,43.0,1.0,2.0,0.0
1214,1,262500.0,8094.0,1.18,45.08426395939086,1.0,1.0,1.0
1215,1,65000.0,8093.0,0.0,45.08426395939086,0.7906309751434034,1.0,0.0
1216,1,35000.0,8089.0,0.17,45.08426395939086,0.7906309751434034,3.0,0.0
1217,1,30000.0,8088.0,0.0,45.08426395939086,1.0,4.0,0.0
1218,1,47000.0,8092.0,0.51,496.0,1.0,1.0,0.0
1219,3,195000.0,4123.0,5.58,230.0,0.0,6.0,0.0
1220,2,30000.0,4120.0,4.54,69.0,1.0,4.0,0.0
1221,3,181500.0,4121.0,33.4,23.0,1.0,4.0,0.0
1222,1,35000.0,4117.0,1.58,45.08426395939086,0.7906309751434034,2.0,1.0
1223,0,3250.0,4122.0,1.03,3.0,0.7906309751434034,1.0,1.0
1224,1,6000.0,4116.0,1.3,45.08426395939086,0.7906309751434034,7.0,1.0
1225,1,530000.0,8111.0,1.32,45.08426395939086,0.7906309751434034,7.0,0.0
1226,1,90000.0,8113.0,1.34,27.0,1.0,5.0,1.0
1227,2,300000.0,8110.0,6.29,26.0,1.0,5.0,0.0
1228,0,1083000.0,8112.0,8.42,10.0,0.0,3.0,1.0
1229,2,118000.0,8109.0,3.79,23.0,0.7906309751434034,2.0,1.0
1230,2,375000.0,8108.0,4.36,39.0,1.0,4.0,0.0
1231,2,221000.0,8107.0,6.97,20.0,1.0,5.0,0.0
1232,1,166000.0,8106.0,1.42,26.0,0.7906309751434034,8.0,0.0
1233,1,60000.0,4138.0,0.0,45.08426395939086,1.0,5.0,0.0
1234,0,280000.0,4139.0,1.18,8.0,0.7906309751434034,5.0,0.0
1235,1,114000.0,8130.0,0.03,45.08426395939086,1.0,4.0,0.0
1236,1,45000.0,2449.0,0.2,45.08426395939086,0.7906309751434034,3.0,0.0
1237,1,20000.0,2448.0,0.0,45.08426395939086,0.7906309751434034,2.0,0.0
1238,2,396000.0,2446.0,1.56,45.08426395939086,0.7906309751434034,8.0,0.0
1239,1,66000.0,2450.0,0.0,45.08426395939086,0.7906309751434034,6.0,0.0
1240,1,21000000.0,6415.0,0.0,42.0,1.0,6.0,0.0
1241,2,192000.0,6419.0,2.08,45.08426395939086,0.7906309751434034,6.0,0.0
1242,1,213000.0,6421.0,0.0,45.08426395939086,0.7906309751434034,4.0,0.0
1243,1,25000.0,6418.0,0.6,18.0,1.0,2.0,1.0
1244,3,2192000.0,6422.0,19.09,56.0,1.0,8.0,0.0
1245,2,385000.0,2468.0,2.7,45.08426395939086,1.0,3.0,0.0
1246,1,15000.0,2471.0,0.0,45.08426395939086,1.0,3.0,0.0
1247,1,60000.0,2464.0,0.0,45.08426395939086,1.0,12.0,1.0
1248,1,2205000.0,6439.0,0.0,18.0,1.0,5.0,0.0
1249,1,800000.0,6434.0,0.0,45.08426395939086,1.0,3.0,0.0
1250,1,120000.0,6441.0,0.0,45.08426395939086,0.7906309751434034,2.0,0.0
1251,1,630000.0,6436.0,0.0,45.08426395939086,1.0,3.0,0.0
1252,3,130000.0,6464.0,20.26,38.0,0.7906309751434034,5.0,0.0
1253,2,100000.0,6461.0,8.54,11.0,1.0,8.0,0.0
1254,1,300000.0,6454.0,0.0,134.0,0.0,12.0,0.0
1255,3,610000.0,6458.0,16.1,66.0,0.7906309751434034,4.0,0.0
1256,1,318000.0,6459.0,0.0,33.0,0.0,6.0,0.0
1257,1,150000.0,6457.0,0.59,20.0,0.7906309751434034,2.0,0.0
1258,2,68000.0,6456.0,3.55,25.0,1.0,5.0,0.0
1259,2,492000.0,2487.0,1.8,46.0,1.0,5.0,0.0
1260,2,76800.0,2484.0,3.59,18.0,0.7906309751434034,4.0,0.0
1261,2,330000.0,2488.0,3.4,61.0,0.7906309751434034,8.0,0.0
1262,0,140000.0,2485.0,1.05,6.0,1.0,2.0,0.0
1263,2,415000.0,2486.0,4.0,45.08426395939086,0.7906309751434034,5.0,0.0
1264,2,140000.0,2483.0,3.35,45.08426395939086,0.7906309751434034,7.0,0.0
1265,1,90000.0,6476.0,0.1,45.08426395939086,0.7906309751434034,7.0,0.0
1266,1,150000.0,6472.0,1.1,45.08426395939086,0.7906309751434034,4.0,0.0
1267,0,30000.0,6473.0,0.27,4.0,1.0,8.0,0.0
1268,1,360000.0,6483.0,0.11,15.0,1.0,7.0,0.0
1269,1,180000.0,6478.0,0.09,10.0,0.7906309751434034,9.0,0.0
1270,1,280000.0,6474.0,0.26,45.08426395939086,0.7906309751434034,6.0,0.0
1271,1,70000.0,6477.0,0.09,63.0,0.7906309751434034,8.0,0.0
1272,1,1230000.0,6479.0,0.39,45.08426395939086,0.7906309751434034,10.0,0.0
1273,1,38000.0,4515.0,1.5,45.08426395939086,1.0,3.0,0.0
1274,2,34000.0,4516.0,4.46,45.08426395939086,1.0,6.0,0.0
1275,3,220000.0,4520.0,10.14,52.0,1.0,11.0,1.0
1276,2,150000.0,4522.0,8.0,28.0,1.0,5.0,0.0
1277,2,228000.0,4519.0,2.42,69.0,1.0,3.0,0.0
1278,2,205250.0,4521.0,2.1,86.0,0.7906309751434034,10.0,0.0
1279,2,492100.0,4517.0,6.4,45.08426395939086,1.0,3.0,0.0
1280,2,120000.0,4518.0,2.81,16.0,1.0,2.0,0.0
1281,1,178000.0,8491.0,0.26,45.08426395939086,0.7906309751434034,9.0,0.0
1282,2,200000.0,8489.0,2.58,45.08426395939086,0.7906309751434034,8.0,0.0
1283,2,245000.0,8493.0,4.19,41.0,0.0,7.0,1.0
1284,1,60000.0,8492.0,0.0,45.08426395939086,1.0,5.0,0.0
1285,1,1359000.0,8490.0,0.0,30.0,1.0,8.0,1.0
1286,3,1758800.0,8488.0,6.51,110.0,0.0,3.0,1.0
1287,2,1501500.0,8486.0,4.06,68.0,1.0,9.0,0.0
1288,2,195000.0,4539.0,2.76,45.08426395939086,0.7906309751434034,4.0,0.0
1289,3,498400.0,4540.0,8.24,177.0,1.0,5.0,1.0
1290,2,724000.0,4534.0,1.83,24.0,1.0,8.0,0.0
1291,3,520000.0,4535.0,11.64,32.0,0.7906309751434034,12.0,0.0
1292,2,124200.0,4538.0,3.1,45.08426395939086,1.0,3.0,0.0
1293,2,117600.0,4537.0,1.64,13.0,1.0,6.0,0.0
1294,2,679000.0,4541.0,3.34,26.0,1.0,6.0,0.0
1295,2,42000.0,4543.0,3.0,12.0,1.0,6.0,1.0
1296,3,922000.0,8509.0,20.56,144.0,0.7906309751434034,10.0,1.0
1297,1,12000.0,8511.0,1.12,45.08426395939086,1.0,7.0,0.0
1298,2,81000.0,8512.0,5.11,58.0,1.0,7.0,0.0
1299,3,1001250.0,8505.0,8.41,29.0,1.0,13.0,0.0
1300,3,5922000.0,8506.0,28.23,76.0,1.0,11.0,0.0
1301,0,168000.0,8507.0,4.3,6.0,1.0,5.0,1.0
1302,3,720000.0,8508.0,70.73,32.0,0.7906309751434034,16.0,0.0
1303,2,870000.0,8510.0,4.6,20.0,1.0,7.0,0.0
1304,1,506000.0,4557.0,0.0,45.08426395939086,1.0,4.0,0.0
1305,1,47000.0,4560.0,0.0,45.08426395939086,0.7906309751434034,3.0,0.0
1306,1,24000.0,4573.0,0.39,73.0,1.0,9.0,0.0
1307,3,41000.0,4574.0,11.35,125.0,1.0,20.0,0.0
1308,2,116000.0,4579.0,5.33,71.0,1.0,5.0,0.0
1309,1,47000.0,4577.0,0.6,26.0,1.0,6.0,0.0
1310,2,680000.0,4575.0,2.69,27.0,1.0,5.0,1.0
1311,3,960500.0,8531.0,4.38,188.0,0.7906309751434034,7.0,0.0
1312,1,180000.0,8528.0,0.75,24.0,1.0,11.0,0.0
1313,2,414000.0,8529.0,5.04,60.0,0.7906309751434034,13.0,0.0
1314,2,574500.0,8525.0,3.79,28.0,1.0,4.0,0.0
1315,1,58000.0,8530.0,0.0,45.08426395939086,0.7906309751434034,4.0,1.0
1316,1,175000.0,8526.0,0.88,20.0,1.0,8.0,0.0
1317,3,1047500.0,4596.0,21.23,63.0,1.0,7.0,0.0
1318,3,228000.0,4595.0,82.7,95.0,1.0,8.0,0.0
1319,3,3464000.0,4594.0,93.19,146.0,1.0,12.0,0.0
1320,3,662000.0,4597.0,14.22,82.0,1.0,7.0,0.0
1321,2,950000.0,4598.0,9.55,31.0,1.0,3.0,0.0
1322,3,1630000.0,4592.0,26.81,74.0,0.7906309751434034,10.0,0.0
1323,3,1205000.0,4591.0,16.8,71.0,1.0,9.0,0.0
1324,3,3070000.0,4593.0,38.41,64.0,1.0,15.0,1.0
1325,2,35000.0,8543.0,1.84,45.08426395939086,1.0,5.0,0.0
1326,2,320000.0,8550.0,4.57,10.0,1.0,6.0,0.0
1327,2,258000.0,8547.0,3.12,76.0,1.0,8.0,0.0
1328,3,1200000.0,8549.0,97.5,108.0,1.0,18.0,0.0
1329,1,162000.0,8546.0,0.0,18.0,1.0,7.0,0.0
1330,1,180000.0,8548.0,0.0,45.0,1.0,3.0,0.0
1331,2,227250.0,4614.0,5.4,29.0,1.0,5.0,0.0
1332,1,225000.0,4611.0,0.0,37.0,1.0,4.0,0.0
1333,3,626000.0,4616.0,8.4,81.0,0.7906309751434034,10.0,0.0
1334,2,195000.0,4615.0,4.38,15.0,1.0,6.0,0.0
1335,2,300200.0,4610.0,2.5,45.08426395939086,1.0,7.0,1.0
1336,1,268750.0,4618.0,1.5,45.08426395939086,1.0,6.0,1.0
1337,1,20000.0,4613.0,0.19,45.08426395939086,1.0,2.0,0.0
1338,3,380000.0,4612.0,26.7,49.0,1.0,4.0,0.0
1339,3,2190000.0,8564.0,18.41,118.0,0.7906309751434034,12.0,0.0
1340,3,1263000.0,8565.0,13.86,61.0,1.0,2.0,0.0
1341,2,304000.0,8567.0,4.46,98.0,0.7906309751434034,7.0,0.0
1342,3,860000.0,8563.0,11.42,109.0,1.0,4.0,0.0
1343,3,240000.0,8569.0,6.56,129.0,1.0,7.0,0.0
1344,3,36000.0,8566.0,6.93,146.0,1.0,3.0,0.0
1345,0,1000000.0,8562.0,7.0,2.0,1.0,6.0,0.0
1346,3,675000.0,8568.0,8.99,45.0,1.0,11.0,0.0
1347,3,122400.0,4635.0,14.66,54.0,1.0,10.0,0.0
1348,2,80280.0,4634.0,3.9,50.0,1.0,9.0,0.0
1349,2,198900.0,4633.0,5.45,60.0,1.0,10.0,0.0
1350,3,257000.0,4640.0,5.15,105.0,0.7906309751434034,15.0,0.0
1351,3,156000.0,4630.0,9.43,156.0,1.0,6.0,1.0
1352,1,60000.0,4636.0,0.0,16.0,1.0,3.0,0.0
1353,2,300000.0,8584.0,8.21,15.0,1.0,7.0,0.0
1354,2,1360000.0,8582.0,5.57,25.0,1.0,4.0,0.0
1355,2,280000.0,8586.0,4.4,61.0,0.7906309751434034,6.0,0.0
1356,2,180000.0,8581.0,3.17,47.0,1.0,5.0,0.0
1357,3,1200000.0,8588.0,14.62,76.0,1.0,12.0,0.0
1358,2,150000.0,4652.0,5.13,65.0,1.0,4.0,1.0
1359,1,84000.0,4655.0,1.21,49.0,1.0,6.0,1.0
1360,2,208200.0,4653.0,1.7,45.08426395939086,1.0,5.0,0.0
1361,1,1536000.0,4649.0,1.3,13.0,1.0,5.0,0.0
1362,2,128000.0,4650.0,1.71,15.0,1.0,4.0,0.0
1363,1,600000.0,8600.0,1.28,15.0,0.7906309751434034,9.0,0.0
1364,2,560000.0,8601.0,8.41,14.0,1.0,4.0,0.0
1365,1,70000.0,8603.0,0.0,26.0,1.0,6.0,0.0
1366,2,66500.0,8605.0,1.8,45.08426395939086,0.7906309751434034,14.0,1.0
1367,2,223000.0,5848.0,4.87,46.0,1.0,6.0,1.0
1368,0,106500.0,5849.0,0.89,16.0,0.0,2.0,0.0
1369,1,4000.0,5850.0,1.15,45.08426395939086,1.0,5.0,0.0
1370,3,1574000.0,5846.0,8.89,39.0,1.0,6.0,0.0
1371,2,284000.0,5847.0,9.16,27.0,1.0,8.0,0.0
1372,0,90000.0,5851.0,0.31,8.0,1.0,12.0,0.0
1373,1,1500.0,5852.0,0.0,45.08426395939086,0.7906309751434034,3.0,0.0
1374,3,295000.0,5845.0,5.35,81.0,0.0,13.0,0.0
1375,2,246000.0,1879.0,2.9,45.08426395939086,0.7906309751434034,4.0,1.0
1376,0,72000.0,1876.0,0.9,9.0,0.0,14.0,0.0
1377,2,1000000.0,1874.0,4.58,53.0,1.0,6.0,0.0
1378,1,294000.0,1877.0,0.17,16.0,0.0,9.0,0.0
1379,3,376000.0,1875.0,7.3,59.0,0.0,11.0,0.0
1380,1,30000.0,5865.0,0.13,45.08426395939086,1.0,7.0,0.0
1381,2,125000.0,5864.0,5.99,26.0,1.0,12.0,0.0
1382,1,1808000.0,5866.0,1.36,23.0,1.0,6.0,0.0
1383,3,110000.0,5870.0,5.09,122.0,0.7906309751434034,8.0,0.0
1384,3,3040000.0,1902.0,10.0,45.08426395939086,1.0,8.0,0.0
1385,2,300000.0,1893.0,3.1,45.08426395939086,0.7906309751434034,8.0,1.0
1386,1,422000.0,1896.0,0.0,299.0,1.0,7.0,0.0
1387,2,640000.0,5891.0,3.2,41.0,0.7906309751434034,6.0,1.0
1388,1,400000.0,5883.0,0.47,70.0,0.0,11.0,0.0
1389,2,939000.0,5886.0,6.58,52.0,1.0,8.0,0.0
1390,2,168000.0,5892.0,2.96,45.08426395939086,0.7906309751434034,2.0,0.0
1391,3,60000.0,5887.0,10.09,87.0,1.0,8.0,0.0
1392,3,75000.0,5890.0,24.08,164.0,0.0,20.0,0.0
1393,2,20000.0,1937.0,4.52,31.0,0.0,7.0,0.0
1394,2,460000.0,1936.0,10.8,16.0,0.0,7.0,0.0
1395,1,160000.0,1933.0,0.0,9.0,1.0,5.0,0.0
1396,3,300000.0,1934.0,9.87,51.0,1.0,9.0,1.0
1397,2,78000.0,1932.0,8.2,35.0,1.0,8.0,0.0
1398,2,288000.0,1935.0,7.1,10.0,1.0,8.0,0.0
1399,0,66000.0,1938.0,2.14,6.0,1.0,4.0,0.0
1400,0,24000.0,5907.0,2.21,3.0,0.0,7.0,0.0
1401,2,310000.0,5909.0,6.61,35.0,1.0,7.0,0.0
1402,1,36000.0,5908.0,1.14,11.0,1.0,4.0,0.0
1403,0,871000.0,5902.0,6.32,6.0,0.0,4.0,0.0
1404,3,3344000.0,5903.0,107.39,6.0,1.0,9.0,0.0
1405,2,139550.0,5906.0,4.85,50.0,1.0,9.0,0.0
1406,2,460000.0,5924.0,2.48,45.08426395939086,1.0,4.0,0.0
1407,1,1665000.0,1954.0,0.0,45.08426395939086,1.0,8.0,0.0
1408,2,2261000.0,1956.0,4.42,68.0,1.0,7.0,0.0
1409,2,340000.0,1952.0,2.81,36.0,1.0,8.0,0.0
1410,1,672000.0,1950.0,1.3,45.08426395939086,1.0,6.0,0.0
1411,2,50000.0,1955.0,5.6,45.08426395939086,1.0,7.0,0.0
1412,3,611000.0,5940.0,25.66,15.0,1.0,4.0,0.0
1413,2,266500.0,5949.0,3.98,36.0,1.0,3.0,0.0
1414,3,540000.0,5946.0,55.92,72.0,1.0,8.0,0.0
1415,3,180000.0,5941.0,8.3,36.0,0.0,10.0,1.0
1416,3,254000.0,5945.0,22.28,42.0,0.0,11.0,0.0
1417,1,60000.0,2371.0,0.26,45.08426395939086,0.7906309751434034,6.0,0.0
1418,1,96000.0,2372.0,1.01,122.0,1.0,5.0,0.0
1419,0,181220.0,2387.0,0.0,5.0,1.0,5.0,0.0
1420,1,30000.0,2389.0,0.0,45.08426395939086,1.0,8.0,0.0
1421,1,34999.0,6364.0,0.0,45.08426395939086,0.7906309751434034,4.0,0.0
1422,1,89999.0,6358.0,0.0,45.08426395939086,1.0,6.0,0.0
1423,1,169999.0,6361.0,0.0,45.08426395939086,0.7906309751434034,1.0,1.0
1424,1,240000.0,2432.0,0.2,45.08426395939086,1.0,6.0,0.0
1425,1,83999.0,2428.0,0.0,45.08426395939086,1.0,6.0,0.0
1426,1,69999.0,2435.0,0.0,45.08426395939086,1.0,4.0,0.0
1427,1,60000.0,6383.0,0.0,45.08426395939086,0.7906309751434034,4.0,0.0
1428,1,44999.0,6381.0,0.0,45.08426395939086,0.7906309751434034,6.0,0.0
1429,1,3200000.0,6396.0,0.0,45.08426395939086,1.0,10.0,0.0
1430,0,200000.0,2812.0,0.63,5.0,1.0,3.0,0.0
1431,1,35000.0,2810.0,0.0,45.08426395939086,0.7906309751434034,1.0,0.0
1432,1,229000.0,2811.0,0.0,45.08426395939086,1.0,6.0,0.0
1433,1,62000.0,2807.0,0.0,45.08426395939086,0.7906309751434034,4.0,0.0
1434,1,500000.0,6890.0,1.26,14.0,1.0,1.0,0.0
1435,1,20000.0,6899.0,0.27,45.08426395939086,1.0,8.0,0.0
1436,1,109000.0,6897.0,0.0,45.08426395939086,0.7906309751434034,8.0,0.0
1437,1,140000.0,6893.0,0.54,45.08426395939086,0.7906309751434034,1.0,0.0
1438,0,60000.0,2834.0,0.0,2.0,0.0,3.0,0.0
1439,0,99999.0,7371.0,0.0,3.0,1.0,2.0,0.0
1440,0,480000.0,7367.0,0.0,6.0,0.0,5.0,0.0
1441,1,899999.0,7368.0,0.0,45.08426395939086,0.7906309751434034,7.0,0.0
1442,1,100000.0,7370.0,0.0,45.08426395939086,1.0,5.0,0.0
1443,0,79999.0,3492.0,2.28,9.0,0.7906309751434034,6.0,1.0
1444,1,32999.0,7541.0,0.0,45.08426395939086,0.7906309751434034,4.0,0.0
1445,1,20000.0,3546.0,0.0,45.08426395939086,1.0,3.0,0.0
1446,1,300000.0,7596.0,0.0,45.08426395939086,0.7906309751434034,7.0,0.0
1447,1,8000.0,6303.0,0.0,45.08426395939086,0.7906309751434034,5.0,0.0
1448,3,739999.0,2277.0,8.8,46.0,1.0,6.0,0.0
1449,1,49999.0,2294.0,0.38,32.0,1.0,11.0,0.0
1450,1,29999.0,2295.0,0.31,45.08426395939086,0.7906309751434034,5.0,0.0
1451,1,100000.0,2299.0,0.0,45.08426395939086,0.7906309751434034,8.0,0.0
1452,1,200000.0,6326.0,0.0,45.08426395939086,0.7906309751434034,6.0,0.0
1453,1,40000.0,6325.0,0.34,45.08426395939086,0.7906309751434034,3.0,0.0
1454,1,440000.0,6328.0,0.0,45.08426395939086,0.7906309751434034,6.0,0.0
1455,2,69999.0,2311.0,1.8,21.0,0.7906309751434034,8.0,0.0
1456,0,5000.0,2352.0,0.39,3.0,0.0,8.0,0.0
1457,1,310000.0,2350.0,1.39,45.08426395939086,0.7906309751434034,4.0,0.0
1458,0,35000.0,6346.0,0.0,3.0,0.0,7.0,0.0
1459,0,540000.0,6341.0,0.0,6.0,1.0,8.0,1.0
1460,1,75000.0,6340.0,0.0,45.08426395939086,0.7906309751434034,3.0,0.0
1461,1,199999.0,2748.0,0.0,45.08426395939086,1.0,3.0,0.0
1462,0,4434999.0,2750.0,0.98,4.0,1.0,4.0,0.0
1463,1,230999.0,2752.0,0.0,45.08426395939086,1.0,5.0,0.0
1464,1,450000.0,6840.0,0.0,45.08426395939086,0.7906309751434034,9.0,0.0
1465,1,52500.0,6841.0,0.0,45.08426395939086,1.0,2.0,1.0
1466,1,15000.0,6833.0,0.0,45.08426395939086,0.7906309751434034,2.0,0.0
1467,1,25000.0,2767.0,0.11,45.08426395939086,0.7906309751434034,4.0,0.0
1468,1,19999.0,6858.0,0.0,45.08426395939086,0.7906309751434034,7.0,0.0
1469,1,108000.0,6853.0,0.0,45.08426395939086,0.7906309751434034,3.0,0.0
1470,1,69999.0,6852.0,0.0,45.08426395939086,1.0,1.0,0.0
1471,1,5000.0,6875.0,0.0,45.08426395939086,0.7906309751434034,6.0,0.0
1472,1,25000.0,6878.0,0.0,45.08426395939086,1.0,4.0,0.0
1473,1,17999.0,2790.0,0.0,45.08426395939086,0.7906309751434034,4.0,1.0
