,cluster,crop_sales___output,y4_hhid,land_surface,number_of_tools_owned___policy,crop_diversification___policy,number_of_days_hired_workers___policy,household_head_is_monogamous
0,1,300000.0,1000000.0,2.1999999880791,3.0,11.0,0.0,1.0
1,0,750000.0,21000000.0,3.0,2.0,3.0,6.980124929017603,1.0
2,2,2256000.0,21000000.0,4.75,2.0,7.0,0.0,1.0
3,0,100000.0,23000000.0,1.25,2.0,5.0,1.0,1.0
4,0,15000.0,27000000.0,0.80000001192093,1.0,1.0,0.0,1.0
5,1,400000.0,34000000.0,2.200000077486,3.0,10.0,0.0,1.0
6,2,280000.0,36000000.0,6.25,3.0,21.0,2.0,1.0
7,2,1370000.0,36000000.0,6.0,7.0,21.0,2.0,1.0
8,2,130000.0,36000000.0,3.0,6.0,16.0,0.0,1.0
9,1,45600.0,36000000.0,3.0,4.0,19.0,0.0,1.0
10,2,1775000.0,36000000.0,4.0,5.0,19.0,0.0,0.0
11,0,154000.0,36000000.0,1.25,8.0,6.0,0.0,1.0
12,2,1080000.0,36000000.0,6.75,7.0,24.0,0.0,1.0
13,3,760000.0,36000000.0,18.0,8.0,17.0,0.0,1.0
14,1,300000.0,36000000.0,1.0,4.0,8.0,0.0,0.0
15,2,100000.0,37000000.0,4.0,7.0,14.0,0.0,1.0
16,2,680000.0,37000000.0,5.5,4.0,16.0,0.0,0.0
17,3,2710000.0,37000000.0,5.5,10.0,17.0,6.0,1.0
18,3,200000.0,37000000.0,7.25,14.0,20.0,0.0,0.0
19,2,200000.0,37000000.0,3.25,6.0,17.0,0.0,1.0
20,2,1320000.0,37000000.0,5.0,3.0,9.0,0.0,1.0
21,0,315000.0,37000000.0,3.5459534414117733,2.0,2.0,0.0,0.0
22,1,27000.0,38000000.0,1.0,4.0,9.0,0.0,1.0
23,1,12000.0,38000000.0,1.25,3.0,12.0,0.0,1.0
24,0,1230000.0,38000000.0,0.03999999910593,5.0,8.0,0.0,1.0
25,1,160000.0,39000000.0,1.9000000432133999,3.0,12.0,0.0,1.0
26,2,1130000.0,39000000.0,4.800000041723299,5.0,22.0,7.0,1.0
27,1,40000.0,39000000.0,0.90000001341105,7.0,7.0,0.0,1.0
28,3,25000.0,39000000.0,2.200000025332,16.0,16.0,3.0,1.0
29,0,24000.0,39000000.0,0.5,8.0,7.0,0.0,1.0
30,3,312000.0,39000000.0,6.5000000149012,10.0,14.0,0.0,1.0
31,2,850000.0,40000000.0,5.5,8.0,14.0,0.0,0.0
32,1,810000.0,40000000.0,2.0,6.0,17.0,0.0,1.0
33,3,1200000.0,40000000.0,16.5,15.0,18.0,0.0,1.0
34,2,22500.0,40000000.0,3.25,5.0,15.0,0.0,1.0
35,1,106000.0,40000000.0,2.125,7.0,19.0,0.0,1.0
36,1,366000.0,40000000.0,2.3000000193715002,4.0,18.0,0.0,1.0
37,3,350000.0,40000000.0,11.5,11.0,21.0,0.0,1.0
38,3,12000.0,42000000.0,8.5,11.0,22.0,0.0,1.0
39,2,585000.0,42000000.0,5.75,4.0,29.0,0.0,1.0
40,2,432000.0,42000000.0,3.5999999940394996,8.0,19.0,0.0,1.0
41,0,25000.0,42000000.0,1.0,3.0,7.0,0.0,1.0
42,1,384000.0,42000000.0,1.5,4.0,15.0,0.0,1.0
43,2,290000.0,42000000.0,3.75,8.0,11.0,0.0,1.0
44,1,320000.0,42000000.0,1.0,7.0,10.0,0.0,0.0
45,3,180000.0,42000000.0,14.0,9.0,21.0,0.0,1.0
46,1,212000.0,42000000.0,2.25,9.0,10.0,0.0,1.0
47,3,3460000.0,45000000.0,8.0,11.0,23.0,0.0,1.0
48,1,20000.0,46000000.0,1.25,6.0,13.0,0.0,1.0
49,1,320000.0,46000000.0,2.0,3.0,13.0,0.0,1.0
50,0,30000.0,46000000.0,0.5,2.0,8.0,0.0,1.0
51,1,176000.0,46000000.0,2.75,5.0,16.0,0.0,1.0
52,3,2690000.0,46000000.0,10.25,13.0,17.0,1.0,1.0
53,2,60000.0,46000000.0,12.0,4.0,11.0,0.0,0.0
54,2,750000.0,46000000.0,4.8250000029802,6.0,22.0,0.0,1.0
55,1,1455500.0,46000000.0,2.0,8.0,11.0,1.0,1.0
56,2,675000.0,46000000.0,5.0,5.0,19.0,0.0,1.0
57,0,180000.0,46000000.0,1.0,2.0,5.0,0.0,1.0
58,1,2326000.0,46000000.0,0.50000000745058,4.0,10.0,0.0,1.0
59,1,10000.0,48000000.0,0.625,5.0,10.0,0.0,1.0
60,2,144000.0,48000000.0,3.5,3.0,11.0,0.0,1.0
61,2,440000.0,48000000.0,3.0,8.0,16.0,0.0,1.0
62,3,3490000.0,48000000.0,8.0,18.0,19.0,39.0,0.0
63,1,438000.0,48000000.0,0.75,2.0,11.0,0.0,1.0
64,2,340000.0,48000000.0,5.0,6.0,13.0,0.0,1.0
65,1,100000.0,48000000.0,0.5,4.0,11.0,0.0,0.0
66,2,42000.0,48000000.0,3.75,9.0,14.0,5.0,1.0
67,3,50000.0,49000000.0,8.999999761581401,10.0,13.0,0.0,1.0
68,3,684000.0,49000000.0,6.0500000417233,13.0,24.0,0.0,1.0
69,2,200000.0,49000000.0,4.0,9.0,9.0,0.0,1.0
70,3,1920000.0,49000000.0,7.3999999538064,14.0,23.0,0.0,0.0
71,3,9598000.0,49000000.0,4.2500000149012,12.0,35.0,0.0,1.0
72,3,4114000.0,49000000.0,10.699999988079,18.0,17.0,0.0,0.0
73,2,920000.0,49000000.0,4.5,7.0,5.0,0.0,1.0
74,2,600000.0,49000000.0,4.25,2.0,12.0,0.0,0.0
75,1,20000.0,49000000.0,2.600000038743,5.0,11.0,0.0,1.0
76,2,684000.0,50000000.0,4.25,3.0,29.0,0.0,1.0
77,1,30000.0,50000000.0,2.0,6.0,9.0,0.0,1.0
78,2,964000.0,50000000.0,4.0,8.0,15.0,0.0,1.0
79,2,122000.0,50000000.0,4.0,9.0,8.0,6.980124929017603,1.0
80,1,240000.0,50000000.0,1.75,5.0,19.0,0.0,1.0
81,2,420000.0,50000000.0,3.75,9.0,21.0,0.0,1.0
82,2,828400.0,50000000.0,7.0,5.0,22.0,0.0,1.0
83,1,200000.0,51000000.0,1.6500000059605,9.0,8.0,0.0,1.0
84,3,510000.0,51000000.0,2.2500000111758998,14.0,22.0,0.0,1.0
85,0,50000.0,51000000.0,1.0,5.0,7.0,0.0,1.0
86,1,55000.0,51000000.0,1.8000000119209,1.0,12.0,0.0,1.0
87,2,668000.0,51000000.0,3.2000000029802003,8.0,7.0,0.0,1.0
88,3,540000.0,51000000.0,3.4000000208616,12.0,18.0,0.0,1.0
89,2,10200000.0,53000000.0,5.75,9.0,20.0,0.0,1.0
90,3,2894000.0,53000000.0,22.0,10.0,25.0,0.0,1.0
91,3,584000.0,53000000.0,12.0,11.0,21.0,0.0,1.0
92,2,1586000.0,53000000.0,6.25,6.0,19.0,0.0,1.0
93,0,126500.0,53000000.0,1.5,2.0,2.0,0.0,1.0
94,1,290000.0,53000000.0,2.5,4.0,15.0,0.0,1.0
95,1,140000.0,53000000.0,1.5,3.0,12.0,0.0,1.0
96,2,3150000.0,53000000.0,5.25,6.0,18.0,0.0,1.0
97,2,2526000.0,53000000.0,4.25,6.0,20.0,0.0,1.0
98,2,1250000.0,53000000.0,18.0,5.0,14.0,2.0,1.0
99,3,720000.0,54000000.0,4.0000000596046,12.0,12.0,0.0,1.0
100,2,340000.0,54000000.0,4.2500000819564,6.0,37.0,0.0,1.0
101,1,210000.0,54000000.0,2.0000000298023,4.0,16.0,2.0,1.0
102,1,240000.0,54000000.0,2.4000000059605,4.0,11.0,0.0,1.0
103,0,1440000.0,54000000.0,2.0,5.0,4.0,0.0,1.0
104,3,2350000.0,54000000.0,9.500000029802301,9.0,29.0,6.0,1.0
105,3,1384000.0,54000000.0,7.0000000596045995,12.0,24.0,0.0,1.0
106,3,1100000.0,54000000.0,10.400000035763,9.0,12.0,0.0,1.0
107,3,368000.0,54000000.0,4.4000000506639,14.0,15.0,0.0,1.0
108,0,90000.0,54000000.0,0.25,2.0,2.0,0.0,0.0
109,1,320000.0,57000000.0,1.9000000357628,4.0,7.0,16.0,1.0
110,2,300000.0,57000000.0,2.7500000298022997,10.0,16.0,5.0,1.0
111,2,560000.0,57000000.0,5.0500000268221,7.0,35.0,0.0,1.0
112,3,240000.0,57000000.0,3.5,13.0,12.0,0.0,1.0
113,3,1200000.0,57000000.0,3.25,14.0,17.0,1.0,1.0
114,2,300000.0,57000000.0,4.1000000238419,9.0,11.0,0.0,1.0
115,1,190000.0,57000000.0,2.1000000014901,5.0,13.0,0.0,1.0
116,3,10100000.0,57000000.0,40.0,31.0,21.0,32.0,1.0
117,0,120000.0,59000000.0,1.5,2.0,1.0,0.0,0.0
118,1,1240000.0,59000000.0,2.0000000149012,13.0,16.0,7.0,1.0
119,1,236000.0,60000000.0,1.5,5.0,15.0,52.0,1.0
120,1,378000.0,60000000.0,2.75,5.0,10.0,0.0,1.0
121,3,6850000.0,60000000.0,21.5,18.0,34.0,0.0,1.0
122,2,126000.0,60000000.0,6.0,8.0,18.0,0.0,1.0
123,0,700000.0,61000000.0,1.25,5.0,6.0,0.0,1.0
124,3,9707200.0,61000000.0,26.5,13.0,20.0,3.0,1.0
125,1,360000.0,61000000.0,2.5,5.0,19.0,0.0,1.0
126,2,725000.0,61000000.0,4.25,9.0,14.0,0.0,1.0
127,3,3900000.0,61000000.0,28.5,13.0,18.0,0.0,0.0
128,2,1200000.0,61000000.0,3.5,12.0,7.0,0.0,0.0
129,2,352000.0,61000000.0,2.75,10.0,17.0,0.0,0.0
130,3,2600000.0,61000000.0,9.0,17.0,16.0,0.0,1.0
131,2,7026400.0,61000000.0,4.75,9.0,20.0,7.0,1.0
132,0,40000.0,62000000.0,0.5,7.0,7.0,15.0,1.0
133,1,890000.0,62000000.0,2.25,5.0,11.0,1.0,1.0
134,2,290000.0,62000000.0,3.0,5.0,6.0,40.0,1.0
135,1,20000.0,63000000.0,1.0500000268221,8.0,14.0,3.0,1.0
136,2,32000.0,63000000.0,6.0,3.0,9.0,0.0,1.0
137,0,43000.0,63000000.0,2.0000000447035,6.0,5.0,6.980124929017603,1.0
138,1,310400.0,63000000.0,2.0000000149012,9.0,18.0,0.0,1.0
139,3,1495000.0,63000000.0,10.5,11.0,25.0,0.0,1.0
140,2,550000.0,63000000.0,5.449999809265099,4.0,3.0,6.980124929017603,1.0
141,1,2200.0,64000000.0,1.8000000715256,2.0,12.0,0.0,1.0
142,1,452000.0,64000000.0,2.0000000298023,5.0,12.0,0.0,1.0
143,2,360000.0,64000000.0,4.0,3.0,8.0,7.0,1.0
144,1,960000.0,64000000.0,3.0,5.0,11.0,0.0,1.0
145,3,600000.0,64000000.0,5.0,14.0,10.0,0.0,1.0
146,2,4940000.0,64000000.0,5.75,6.0,19.0,2.0,1.0
147,2,4041000.0,64000000.0,6.2000000029802,6.0,20.0,0.0,0.0
148,3,930000.0,64000000.0,6.6500000059605,9.0,20.0,0.0,1.0
149,3,4196600.0,64000000.0,10.0,12.0,16.0,5.0,1.0
150,2,1960000.0,64000000.0,7.25,6.0,23.0,8.0,1.0
151,1,370000.0,66000000.0,3.100000038743,5.0,16.0,0.0,1.0
152,2,392500.0,66000000.0,9.0,5.0,7.0,6.980124929017603,0.0
153,1,40000.0,66000000.0,2.1500000059605,1.0,19.0,0.0,1.0
154,0,320000.0,66000000.0,2.5,2.0,5.0,0.0,1.0
155,2,1703000.0,66000000.0,4.1999999284744,4.0,14.0,0.0,1.0
156,2,1300000.0,66000000.0,4.0,4.0,10.0,0.0,1.0
157,3,8108000.0,66000000.0,12.100000023842002,19.0,25.0,4.0,1.0
158,3,2181000.0,66000000.0,11.0,11.0,11.0,0.0,1.0
159,1,7500.0,67000000.0,1.1000000089407,3.0,10.0,0.0,1.0
160,3,2710000.0,67000000.0,9.25,20.0,27.0,3.0,0.0
161,2,284000.0,67000000.0,7.390000060200701,4.0,12.0,9.0,1.0
162,2,160000.0,67000000.0,6.25,4.0,22.0,0.0,1.0
163,1,380000.0,67000000.0,1.700000025332,5.0,7.0,0.0,1.0
164,2,300000.0,67000000.0,3.0,12.0,9.0,0.0,1.0
165,1,80000.0,67000000.0,1.4500000067054999,4.0,10.0,0.0,0.0
166,1,12000.0,67000000.0,2.0,4.0,7.0,0.0,1.0
167,1,2058000.0,68000000.0,1.0000000149011998,6.0,14.0,0.0,0.0
168,1,240000.0,68000000.0,1.4000000357628,4.0,11.0,0.0,1.0
169,1,90000.0,68000000.0,1.5,4.0,14.0,0.0,1.0
170,1,160000.0,68000000.0,2.0,3.0,13.0,2.0,1.0
171,1,110000.0,68000000.0,1.6500000059605,11.0,13.0,0.0,0.0
172,0,25000.0,69000000.0,0.40000001341105,2.0,5.0,1.0,1.0
173,1,40000.0,69000000.0,1.1000000238418999,4.0,10.0,3.0,1.0
174,1,460000.0,69000000.0,0.6000000089406999,4.0,8.0,0.0,1.0
175,2,198000.0,69000000.0,8.25,9.0,11.0,0.0,1.0
176,1,240000.0,70000000.0,1.625,10.0,16.0,0.0,1.0
177,2,67000.0,70000000.0,5.0,8.0,14.0,11.0,0.0
178,3,4796000.0,70000000.0,16.40000000596,13.0,23.0,0.0,1.0
179,0,60000.0,72000000.0,1.5,3.0,4.0,0.0,0.0
180,1,1460000.0,72000000.0,2.7000000178814,4.0,17.0,0.0,1.0
181,1,125000.0,72000000.0,1.0,2.0,13.0,0.0,1.0
182,3,400000.0,72000000.0,4.5,12.0,17.0,0.0,0.0
183,1,2130000.0,72000000.0,2.5,5.0,23.0,0.0,1.0
184,1,50000.0,72000000.0,1.0,4.0,14.0,0.0,1.0
185,2,1700000.0,72000000.0,7.0,9.0,15.0,0.0,1.0
186,1,80000.0,73000000.0,2.5,4.0,8.0,0.0,1.0
187,1,30000.0,73000000.0,2.4000000357627997,3.0,12.0,0.0,1.0
188,1,112000.0,73000000.0,1.6000000312923999,5.0,13.0,0.0,1.0
189,2,400000.0,73000000.0,4.5999999642372,5.0,14.0,0.0,1.0
190,2,300000.0,73000000.0,3.4500000029802003,9.0,21.0,0.0,0.0
191,0,10000.0,73000000.0,0.70000001788139,3.0,6.0,0.0,1.0
192,2,680000.0,74000000.0,3.5,12.0,4.0,0.0,0.0
193,1,376000.0,74000000.0,1.9000000208616001,6.0,13.0,7.0,0.0
194,1,60000.0,75000000.0,0.80000002682209,2.0,8.0,0.0,1.0
195,1,62000.0,75000000.0,2.1500000059605,6.0,15.0,0.0,1.0
196,1,180000.0,75000000.0,2.7500000149012,4.0,25.0,4.0,0.0
197,1,610000.0,75000000.0,2.2000000178814,6.0,21.0,0.0,0.0
198,3,3154000.0,75000000.0,6.0,15.0,11.0,22.0,0.0
199,1,500000.0,75000000.0,2.75,6.0,9.0,11.0,1.0
200,2,2400.0,75000000.0,4.1000000238419,9.0,13.0,0.0,1.0
201,0,8000.0,81000000.0,1.0,7.0,6.0,9.0,1.0
202,1,144000.0,83000000.0,3.0000000149012,5.0,16.0,0.0,1.0
203,3,180000.0,83000000.0,6.3000000119209005,15.0,26.0,0.0,1.0
204,1,100000.0,83000000.0,2.5,7.0,8.0,0.0,1.0
205,3,4140000.0,83000000.0,13.200000047684,16.0,24.0,0.0,0.0
206,2,40000.0,83000000.0,3.5,11.0,9.0,0.0,1.0
207,2,200000.0,83000000.0,4.0,4.0,10.0,0.0,1.0
208,2,800000.0,83000000.0,5.0,7.0,12.0,12.0,1.0
209,1,80000.0,83000000.0,0.90000001341105,3.0,9.0,0.0,1.0
210,1,129000.0,83000000.0,1.7000000104308,3.0,12.0,0.0,1.0
211,1,660000.0,84000000.0,1.5,6.0,17.0,0.0,1.0
212,2,100000.0,84000000.0,3.5,4.0,15.0,0.0,1.0
213,3,3980000.0,84000000.0,14.0,9.0,34.0,8.0,1.0
214,1,1460000.0,84000000.0,3.0,5.0,11.0,0.0,1.0
215,0,180000.0,84000000.0,1.0,2.0,6.0,0.0,1.0
216,3,2580000.0,84000000.0,16.5,8.0,21.0,0.0,0.0
217,1,466000.0,84000000.0,2.5500000715256,5.0,14.0,0.0,1.0
218,2,915600.0,84000000.0,3.75,5.0,20.0,0.0,1.0
219,2,3040000.0,84000000.0,11.5,6.0,19.0,0.0,1.0
220,1,7000.0,84000000.0,2.75,7.0,16.0,0.0,1.0
221,1,376000.0,85000000.0,1.0999999940395,8.0,11.0,0.0,1.0
222,2,344000.0,85000000.0,7.0,4.0,17.0,0.0,1.0
223,1,15000.0,85000000.0,1.0,4.0,8.0,0.0,1.0
224,1,300000.0,85000000.0,1.3999999761581001,6.0,9.0,3.0,1.0
225,2,556000.0,85000000.0,3.3000000417232997,6.0,14.0,0.0,1.0
226,1,50000.0,85000000.0,1.75,5.0,11.0,0.0,1.0
227,1,487500.0,85000000.0,2.5,4.0,9.0,5.0,1.0
228,1,50000.0,85000000.0,2.0,3.0,11.0,0.0,1.0
229,1,200000.0,85000000.0,1.8000000268221,3.0,14.0,0.0,0.0
230,1,60000.0,86000000.0,0.62399999797344,2.0,16.0,0.0,1.0
231,3,9717600.0,86000000.0,11.0,21.0,27.0,3.0,1.0
232,1,284000.0,86000000.0,1.7500000596046001,1.0,17.0,0.0,1.0
233,1,320000.0,86000000.0,2.0,7.0,12.0,0.0,1.0
234,2,348000.0,86000000.0,4.5,7.0,16.0,0.0,1.0
235,1,40000.0,87000000.0,2.0,9.0,8.0,0.0,1.0
236,0,125000.0,87000000.0,0.5,9.0,4.0,28.0,1.0
237,1,16000.0,87000000.0,2.0,4.0,7.0,2.0,0.0
238,1,480000.0,87000000.0,3.0,5.0,13.0,0.0,1.0
239,2,580000.0,87000000.0,2.0,14.0,8.0,0.0,1.0
240,3,600000.0,87000000.0,14.0,15.0,12.0,0.0,1.0
241,1,480000.0,88000000.0,2.5,5.0,16.0,17.0,1.0
242,1,130000.0,88000000.0,2.5,5.0,15.0,0.0,1.0
243,2,69600.0,88000000.0,4.1000000014901,6.0,19.0,0.0,1.0
244,2,120000.0,88000000.0,4.5,2.0,14.0,0.0,1.0
245,3,128000.0,88000000.0,20.0,9.0,13.0,0.0,1.0
246,2,590000.0,88000000.0,4.5,9.0,12.0,0.0,1.0
247,3,1320000.0,88000000.0,19.5,11.0,26.0,0.0,1.0
248,1,64000.0,90000000.0,2.75,4.0,20.0,0.0,0.0
249,2,420000.0,90000000.0,3.0,6.0,13.0,0.0,1.0
250,3,376000.0,90000000.0,7.5,21.0,22.0,0.0,1.0
251,3,3300000.0,90000000.0,16.5,18.0,18.0,30.0,1.0
252,0,3200000.0,90000000.0,1.5,3.0,0.0,0.0,1.0
253,3,4400000.0,90000000.0,16.599999904633,9.0,21.0,16.0,1.0
254,0,165000.0,91000000.0,1.5,3.0,5.0,0.0,1.0
255,3,1212000.0,91000000.0,4.75,14.0,18.0,0.0,0.0
256,3,368000.0,91000000.0,11.5,8.0,17.0,0.0,1.0
257,3,340000.0,91000000.0,15.0,8.0,19.0,0.0,1.0
258,1,630000.0,91000000.0,2.0,3.0,10.0,0.0,1.0
259,3,3114000.0,91000000.0,10.75,12.0,25.0,0.0,0.0
260,3,40000.0,91000000.0,9.0,12.0,11.0,0.0,1.0
261,3,6920000.0,91000000.0,25.0,8.0,33.0,0.0,1.0
262,2,200000.0,91000000.0,3.25,5.0,17.0,0.0,0.0
263,1,224000.0,92000000.0,1.6000000536442,5.0,10.0,0.0,1.0
264,1,56000.0,92000000.0,1.7500000298023,4.0,15.0,0.0,1.0
265,1,186000.0,92000000.0,1.5000000372529,2.0,26.0,0.0,1.0
266,2,186000.0,92000000.0,5.0,6.0,13.0,0.0,1.0
267,2,530000.0,92000000.0,6.900000013411,7.0,23.0,0.0,1.0
268,3,402000.0,100000000.0,6.0,17.0,2.0,30.0,1.0
269,1,360000.0,110000000.0,2.0,10.0,8.0,0.0,1.0
270,0,180000.0,110000000.0,1.0,5.0,4.0,0.0,1.0
271,0,75000.0,110000000.0,3.5459534414117733,3.0,2.0,6.980124929017603,1.0
272,2,260000.0,110000000.0,5.75,9.0,15.0,0.0,1.0
273,2,672000.0,110000000.0,4.0,11.0,10.0,0.0,1.0
274,1,260000.0,110000000.0,1.4000000357628,4.0,10.0,0.0,1.0
275,2,700000.0,110000000.0,11.0,5.0,15.0,0.0,1.0
276,2,1000000.0,110000000.0,4.5,8.0,11.0,0.0,1.0
277,1,40000.0,110000000.0,0.59000000357628,11.0,8.0,0.0,1.0
278,2,300000.0,110000000.0,6.0,4.0,11.0,0.0,0.0
279,0,45000.0,110000000.0,1.0099999997765001,2.0,6.0,0.0,1.0
280,3,240000.0,110000000.0,7.5999999046325994,15.0,8.0,0.0,1.0
281,0,58000.0,110000000.0,2.0,8.0,6.0,2.0,0.0
282,0,225000.0,110000000.0,0.7499999701976799,5.0,4.0,0.0,1.0
283,2,730000.0,110000000.0,5.0000000149012,7.0,8.0,0.0,1.0
284,2,400000.0,110000000.0,3.5,6.0,5.0,0.0,1.0
285,2,90000.0,110000000.0,6.5,7.0,5.0,6.980124929017603,1.0
286,0,22500.0,110000000.0,0.46000000461935997,5.0,6.0,0.0,1.0
287,0,32000.0,110000000.0,2.5,3.0,6.0,0.0,1.0
288,3,70000.0,110000000.0,7.0,12.0,13.0,0.0,1.0
289,1,898000.0,110000000.0,1.8000000715256,5.0,10.0,0.0,1.0
290,0,150000.0,110000000.0,3.5459534414117733,4.0,2.0,6.980124929017603,0.0
291,3,440000.0,110000000.0,7.0,11.0,7.0,0.0,0.0
292,2,120000.0,110000000.0,5.0,5.0,8.0,0.0,1.0
293,1,200000.0,110000000.0,2.5,6.0,8.0,0.0,0.0
294,2,110000.0,110000000.0,3.5,3.0,6.0,0.0,1.0
295,2,280000.0,110000000.0,3.5,8.0,10.0,7.0,1.0
296,0,60000.0,110000000.0,2.0,8.0,2.0,6.980124929017603,0.0
297,0,80000.0,110000000.0,3.0,4.0,2.0,0.0,0.0
298,0,50000.0,110000000.0,1.3000000119208999,10.0,5.0,0.0,1.0
299,3,200000.0,110000000.0,10.0,18.0,2.0,6.980124929017603,0.0
300,1,125000.0,120000000.0,3.0,0.0,7.0,0.0,1.0
301,0,75000.0,120000000.0,3.0,2.0,4.0,0.0,1.0
302,0,400000.0,120000000.0,2.2999999523162997,3.0,3.0,0.0,1.0
303,1,9000.0,120000000.0,3.0000000298022997,4.0,8.0,0.0,0.0
304,1,190000.0,120000000.0,3.25,4.0,13.0,0.0,1.0
305,0,50000.0,120000000.0,2.25,1.0,5.0,6.980124929017603,0.0
306,2,20000.0,120000000.0,5.4000000357628,6.0,10.0,0.0,1.0
307,1,80000.0,120000000.0,2.5,7.0,10.0,0.0,1.0
308,1,1426000.0,120000000.0,3.5459534414117733,6.0,14.0,3.0,1.0
309,2,900000.0,120000000.0,7.5,8.0,12.0,0.0,1.0
310,0,21000.0,120000000.0,1.3999999761581001,2.0,5.0,0.0,1.0
311,2,160000.0,120000000.0,4.0000000596046,4.0,7.0,0.0,1.0
312,2,739000.0,120000000.0,5.5,5.0,18.0,0.0,1.0
313,0,160000.0,120000000.0,0.875,2.0,6.0,0.0,1.0
314,0,100000.0,120000000.0,2.5,3.0,6.0,0.0,1.0
315,2,690000.0,120000000.0,6.0,3.0,5.0,0.0,1.0
316,1,614000.0,120000000.0,3.4000000357628,1.0,11.0,0.0,1.0
317,0,50000.0,120000000.0,0.5,2.0,4.0,0.0,1.0
318,0,45000.0,120000000.0,0.50000001490116,0.0,2.0,6.980124929017603,1.0
319,1,40000.0,120000000.0,1.75,6.0,17.0,0.0,1.0
320,2,190000.0,130000000.0,4.3999999761580995,9.0,5.0,0.0,0.0
321,0,30000.0,130000000.0,0.5,3.0,6.0,0.0,1.0
322,3,410000.0,130000000.0,6.4000000059605,10.0,13.0,0.0,1.0
323,2,160000.0,130000000.0,12.0,6.0,11.0,8.0,0.0
324,0,100000.0,130000000.0,1.1999999880791001,13.0,5.0,0.0,0.0
325,2,30800.0,130000000.0,3.2000000625848997,5.0,6.0,6.980124929017603,1.0
326,2,642000.0,130000000.0,3.0000001043081004,8.0,12.0,0.0,1.0
327,0,40000.0,130000000.0,0.5,2.0,1.0,6.980124929017603,1.0
328,1,740000.0,130000000.0,1.75,8.0,8.0,0.0,0.0
329,2,75000.0,130000000.0,7.1000000238419005,6.0,8.0,0.0,0.0
330,2,8000.0,130000000.0,3.25,7.0,9.0,0.0,1.0
331,0,40000.0,130000000.0,1.5,1.0,6.0,0.0,1.0
332,2,110000.0,130000000.0,3.5000000149012,7.0,12.0,0.0,1.0
333,3,985000.0,130000000.0,7.7000000178814005,13.0,11.0,12.0,1.0
334,1,15000.0,130000000.0,1.1000000238418999,4.0,8.0,0.0,1.0
335,0,30000.0,130000000.0,1.6000000238418999,10.0,4.0,0.0,1.0
336,1,255000.0,130000000.0,2.0,8.0,7.0,0.0,1.0
337,2,550000.0,130000000.0,5.5,5.0,13.0,0.0,1.0
338,0,101500.0,130000000.0,1.5000000149011998,8.0,6.0,2.0,1.0
339,3,620000.0,130000000.0,10.5,10.0,12.0,0.0,0.0
340,0,83000.0,130000000.0,3.0,7.0,3.0,6.980124929017603,1.0
341,0,238500.0,130000000.0,2.0,6.0,4.0,0.0,1.0
342,2,1100000.0,130000000.0,3.0,6.0,7.0,0.0,0.0
343,2,627500.0,130000000.0,6.6999999880790995,8.0,7.0,0.0,1.0
344,1,240000.0,130000000.0,2.25,8.0,6.0,0.0,1.0
345,2,276000.0,130000000.0,5.0,5.0,9.0,0.0,1.0
346,1,24000.0,130000000.0,0.875,4.0,8.0,0.0,1.0
347,3,750000.0,130000000.0,11.0,12.0,13.0,7.0,0.0
348,0,100000.0,130000000.0,4.0,3.0,3.0,0.0,1.0
349,2,150000.0,130000000.0,3.25,11.0,13.0,18.0,1.0
350,0,320000.0,130000000.0,1.5,2.0,4.0,0.0,1.0
351,0,90000.0,130000000.0,0.5,4.0,2.0,0.0,1.0
352,0,1440000.0,130000000.0,2.5,3.0,6.0,0.0,0.0
353,0,400000.0,130000000.0,2.0,8.0,4.0,0.0,1.0
354,1,590000.0,130000000.0,1.4500000029802,4.0,8.0,0.0,1.0
355,3,375600.0,130000000.0,16.5,6.0,14.0,40.0,1.0
356,0,690000.0,130000000.0,1.0,12.0,5.0,15.0,1.0
357,1,30000.0,130000000.0,2.25,4.0,9.0,0.0,1.0
358,2,1000000.0,130000000.0,5.0,4.0,7.0,0.0,1.0
359,2,140000.0,130000000.0,4.0,3.0,7.0,0.0,1.0
360,3,3700000.0,130000000.0,6.5,13.0,8.0,33.0,0.0
361,3,100000.0,130000000.0,11.0,11.0,8.0,0.0,1.0
362,2,400000.0,130000000.0,12.0,2.0,6.0,0.0,1.0
363,1,80000.0,130000000.0,2.2000000476837003,3.0,8.0,0.0,1.0
364,3,940000.0,130000000.0,9.5,11.0,11.0,0.0,0.0
365,0,400000.0,130000000.0,1.3000000119208999,10.0,5.0,0.0,1.0
366,0,200000.0,130000000.0,1.3999999761581001,3.0,5.0,0.0,1.0
367,0,193000.0,130000000.0,2.5000000298022997,4.0,5.0,0.0,1.0
368,2,80000.0,130000000.0,7.199999809265099,5.0,11.0,0.0,1.0
369,2,434000.0,130000000.0,6.75,9.0,12.0,10.0,0.0
370,1,12000.0,130000000.0,1.5000000074506,10.0,16.0,0.0,1.0
371,1,410000.0,130000000.0,1.1000000163913002,5.0,11.0,0.0,0.0
372,2,610000.0,130000000.0,3.5000000596046,4.0,12.0,3.0,1.0
373,1,20000.0,130000000.0,1.0,2.0,8.0,5.0,1.0
374,2,275000.0,130000000.0,10.0,2.0,5.0,6.980124929017603,0.0
375,1,21000.0,130000000.0,1.2399999946356002,5.0,15.0,0.0,1.0
376,0,50000.0,130000000.0,0.5,4.0,5.0,0.0,0.0
377,0,126000.0,130000000.0,1.0,5.0,2.0,0.0,0.0
378,0,100000.0,130000000.0,0.75,10.0,5.0,0.0,1.0
379,2,20000.0,130000000.0,5.0,12.0,4.0,6.0,1.0
380,2,980000.0,130000000.0,9.5,2.0,10.0,0.0,1.0
381,3,150000.0,130000000.0,8.0,16.0,7.0,0.0,0.0
382,0,60000.0,130000000.0,2.6000000238419,1.0,2.0,0.0,1.0
383,1,100000.0,130000000.0,1.25,7.0,7.0,0.0,1.0
384,3,230000.0,140000000.0,2.0,18.0,4.0,13.0,0.0
385,2,200000.0,140000000.0,6.0,5.0,6.0,66.0,1.0
386,2,240000.0,140000000.0,4.0,2.0,5.0,23.0,1.0
387,0,50000.0,140000000.0,3.0,8.0,4.0,33.0,1.0
388,0,100000.0,140000000.0,1.3799999952316,6.0,6.0,0.0,1.0
389,2,340000.0,140000000.0,6.4000000357628,9.0,9.0,16.0,1.0
390,2,142000.0,140000000.0,3.5,12.0,11.0,12.0,1.0
391,2,255000.0,140000000.0,5.0,2.0,5.0,24.0,1.0
392,2,20000.0,140000000.0,4.0,9.0,3.0,0.0,1.0
393,0,134000.0,140000000.0,2.0,6.0,5.0,0.0,0.0
394,2,790000.0,140000000.0,8.5,9.0,6.0,12.0,0.0
395,0,388000.0,140000000.0,1.0,6.0,3.0,0.0,1.0
396,0,62000.0,140000000.0,2.0,8.0,4.0,6.980124929017603,1.0
397,0,45000.0,140000000.0,1.0,3.0,2.0,1.0,1.0
398,0,56000.0,140000000.0,1.0,3.0,3.0,0.0,1.0
399,1,240000.0,140000000.0,2.5,3.0,8.0,23.0,1.0
400,0,140000.0,140000000.0,2.0,2.0,4.0,25.0,1.0
401,0,180000.0,140000000.0,2.0,7.0,3.0,38.0,1.0
402,0,120000.0,140000000.0,2.25,5.0,6.0,0.0,1.0
403,2,90000.0,140000000.0,4.5,7.0,8.0,0.0,1.0
404,2,2058000.0,140000000.0,7.5,9.0,6.0,60.0,1.0
405,2,254000.0,140000000.0,4.0,9.0,4.0,2.0,0.0
406,0,120000.0,140000000.0,0.5,4.0,1.0,4.0,0.0
407,0,280000.0,140000000.0,4.5,3.0,3.0,6.980124929017603,1.0
408,2,15000.0,140000000.0,6.0,2.0,4.0,0.0,1.0
409,2,58000.0,140000000.0,12.0,7.0,6.0,12.0,0.0
410,0,50000.0,140000000.0,2.0,8.0,3.0,2.0,1.0
411,2,3600000.0,140000000.0,9.0,4.0,4.0,0.0,0.0
412,2,350000.0,140000000.0,7.0,5.0,8.0,53.0,1.0
413,1,15000.0,150000000.0,1.700000025332,4.0,10.0,0.0,1.0
414,2,309600.0,150000000.0,4.3500000536442,7.0,14.0,0.0,1.0
415,2,70000.0,150000000.0,4.0,4.0,8.0,0.0,1.0
416,1,12000.0,150000000.0,2.5000000372529,5.0,12.0,0.0,1.0
417,0,25.0,150000000.0,0.61999999731779,2.0,5.0,0.0,1.0
418,1,16000.0,150000000.0,2.2399999946356,3.0,7.0,10.0,1.0
419,1,132000.0,150000000.0,2.25,4.0,9.0,0.0,1.0
420,2,168000.0,150000000.0,2.6599999330938,12.0,12.0,0.0,0.0
421,1,72000.0,150000000.0,2.1000000014901,2.0,13.0,0.0,1.0
422,2,580000.0,150000000.0,4.2000000029802,6.0,17.0,7.0,0.0
423,3,2121000.0,150000000.0,9.5,10.0,14.0,8.0,0.0
424,1,120000.0,150000000.0,1.3949999976903,5.0,8.0,0.0,1.0
425,0,200000.0,150000000.0,1.0,3.0,6.0,0.0,1.0
426,0,1000.0,150000000.0,1.5,3.0,6.0,0.0,1.0
427,2,592000.0,150000000.0,3.5000000149012,4.0,12.0,0.0,1.0
428,0,257600.0,150000000.0,0.75,6.0,7.0,0.0,1.0
429,2,340000.0,150000000.0,5.0,4.0,12.0,33.0,1.0
430,1,255000.0,150000000.0,2.0,2.0,14.0,0.0,1.0
431,2,130000.0,150000000.0,5.4899999946356,4.0,16.0,0.0,1.0
432,2,30000.0,150000000.0,7.5,4.0,18.0,0.0,1.0
433,1,45000.0,150000000.0,1.1840000376105,2.0,11.0,0.0,1.0
434,0,50000.0,150000000.0,1.3000000193715,4.0,6.0,0.0,0.0
435,1,250000.0,150000000.0,1.8000000268221,3.0,9.0,0.0,1.0
436,2,294000.0,150000000.0,5.0000000447035005,8.0,12.0,5.0,1.0
437,0,24000.0,150000000.0,0.35999999195336996,2.0,6.0,0.0,1.0
438,1,508000.0,150000000.0,2.0000000596046,8.0,7.0,0.0,1.0
439,2,60000.0,150000000.0,8.0,4.0,10.0,16.0,1.0
440,2,36000.0,150000000.0,6.75,7.0,11.0,15.0,0.0
441,1,146000.0,150000000.0,2.9899999946355997,3.0,10.0,3.0,1.0
442,1,32000.0,150000000.0,1.75,3.0,10.0,0.0,1.0
443,0,36000.0,150000000.0,0.75,2.0,6.0,4.0,1.0
444,0,26000.0,150000000.0,1.0,3.0,7.0,0.0,0.0
445,3,2610000.0,150000000.0,9.650000020861599,8.0,24.0,22.0,1.0
446,2,15000.0,150000000.0,4.1000000536442,10.0,20.0,1.0,1.0
447,2,5040000.0,150000000.0,7.0,7.0,6.0,20.0,0.0
448,3,1270200.0,150000000.0,19.0,8.0,12.0,0.0,1.0
449,1,233500.0,150000000.0,2.75,4.0,16.0,0.0,1.0
450,2,800000.0,150000000.0,4.0,7.0,9.0,0.0,0.0
451,3,144000.0,150000000.0,4.4000000655650995,12.0,14.0,0.0,1.0
452,2,27000.0,150000000.0,4.0,3.0,8.0,0.0,1.0
453,2,413000.0,150000000.0,5.5,6.0,17.0,0.0,1.0
454,0,30000.0,150000000.0,1.0,2.0,7.0,0.0,1.0
455,2,856800.0,150000000.0,7.9000002145767,4.0,15.0,19.0,1.0
456,3,1588000.0,150000000.0,5.1000001095235,10.0,22.0,15.0,0.0
457,2,628000.0,160000000.0,6.0,5.0,16.0,49.0,1.0
458,1,8800.0,160000000.0,1.5,3.0,8.0,0.0,1.0
459,1,23800.0,160000000.0,1.75,3.0,7.0,0.0,0.0
460,1,400000.0,160000000.0,2.8000000268221004,4.0,15.0,0.0,1.0
461,3,1000000.0,160000000.0,6.5,17.0,15.0,0.0,1.0
462,2,13000.0,160000000.0,10.0,3.0,10.0,0.0,1.0
463,1,121500.0,160000000.0,2.0,4.0,11.0,0.0,1.0
464,2,128000.0,160000000.0,3.25,6.0,10.0,0.0,1.0
465,2,40000.0,160000000.0,10.0,6.0,16.0,39.0,1.0
466,0,16800.0,160000000.0,3.0,2.0,5.0,0.0,1.0
467,0,60000.0,160000000.0,1.25,6.0,6.0,0.0,0.0
468,0,200000.0,160000000.0,0.5,4.0,4.0,0.0,1.0
469,0,216000.0,160000000.0,1.25,5.0,6.0,0.0,1.0
470,2,628000.0,160000000.0,5.0,7.0,8.0,0.0,1.0
471,0,12000.0,160000000.0,0.25,1.0,4.0,0.0,1.0
472,2,250000.0,160000000.0,2.0000000298023,14.0,6.0,35.0,1.0
473,0,300000.0,160000000.0,2.0,2.0,3.0,5.0,1.0
474,0,50000.0,160000000.0,1.0,5.0,2.0,6.980124929017603,1.0
475,0,9000.0,160000000.0,0.56000000238419,1.0,3.0,0.0,1.0
476,0,45000.0,160000000.0,2.0,3.0,3.0,8.0,1.0
477,3,328000.0,160000000.0,4.5,12.0,11.0,0.0,1.0
478,0,395000.0,160000000.0,5.0,3.0,3.0,0.0,1.0
479,1,16500.0,160000000.0,2.25,5.0,9.0,6.0,1.0
480,2,157500.0,160000000.0,8.0,8.0,3.0,0.0,1.0
481,0,2500000.0,160000000.0,3.0,3.0,2.0,0.0,1.0
482,0,300000.0,160000000.0,2.3719999790192,9.0,4.0,14.0,1.0
483,0,168000.0,160000000.0,3.5459534414117733,3.0,2.0,7.0,1.0
484,2,60000.0,160000000.0,4.25,11.0,6.0,24.0,1.0
485,0,312000.0,160000000.0,1.0500000268221,3.0,4.0,13.0,1.0
486,0,80000.0,160000000.0,0.5500000119209301,1.0,3.0,4.0,1.0
487,2,180000.0,160000000.0,6.0,8.0,7.0,0.0,1.0
488,2,175000.0,160000000.0,3.0,14.0,4.0,0.0,0.0
489,0,65000.0,160000000.0,3.5459534414117733,0.0,2.0,3.0,1.0
490,0,220000.0,160000000.0,1.3300000429153,8.0,2.0,6.980124929017603,1.0
491,1,130000.0,160000000.0,2.5,5.0,7.0,6.0,1.0
492,0,22500.0,160000000.0,1.0,2.0,2.0,0.0,1.0
493,0,175000.0,160000000.0,0.5,4.0,4.0,0.0,1.0
494,0,35000.0,160000000.0,1.0,0.0,1.0,0.0,1.0
495,0,30000.0,160000000.0,1.0,6.0,1.0,6.980124929017603,1.0
496,0,28000.0,170000000.0,1.0,3.0,4.0,6.0,1.0
497,0,60000.0,170000000.0,0.5,6.0,4.0,0.0,1.0
498,0,60000.0,170000000.0,1.0,2.0,2.0,0.0,1.0
499,2,360000.0,170000000.0,11.0,7.0,2.0,9.0,1.0
500,0,70000.0,170000000.0,2.0,4.0,4.0,17.0,1.0
501,3,200000.0,170000000.0,1.25,19.0,5.0,6.0,1.0
502,0,75000.0,170000000.0,0.5,7.0,4.0,0.0,1.0
503,1,4000.0,170000000.0,2.6500000059605,6.0,16.0,5.0,0.0
504,1,1950000.0,170000000.0,2.75,5.0,13.0,18.0,0.0
505,1,25000.0,170000000.0,1.0000000223516998,2.0,9.0,0.0,1.0
506,0,60000.0,170000000.0,1.25,3.0,7.0,0.0,0.0
507,1,1210000.0,170000000.0,1.8699999973177999,7.0,13.0,14.0,1.0
508,2,117000.0,170000000.0,6.4000000059605,7.0,11.0,0.0,0.0
509,0,3000.0,170000000.0,0.5,3.0,6.0,0.0,0.0
510,1,97600.0,170000000.0,1.5,5.0,7.0,0.0,1.0
511,1,40000.0,170000000.0,3.0000000149012,2.0,8.0,0.0,1.0
512,0,70000.0,170000000.0,3.25,6.0,4.0,10.0,1.0
513,2,300000.0,170000000.0,7.5,6.0,9.0,0.0,1.0
514,2,1650000.0,170000000.0,3.6200000122189997,9.0,16.0,21.0,1.0
515,2,36000.0,170000000.0,5.0,5.0,7.0,0.0,0.0
516,2,230000.0,170000000.0,6.2000000104307995,2.0,20.0,4.0,0.0
517,1,30000.0,170000000.0,1.2400000393391002,8.0,12.0,0.0,1.0
518,1,73400.0,170000000.0,1.25,5.0,14.0,25.0,1.0
519,0,4000.0,170000000.0,0.25,2.0,2.0,0.0,1.0
520,2,96200.0,170000000.0,3.75,7.0,12.0,22.0,1.0
521,0,30000.0,170000000.0,0.30000001192093,10.0,3.0,0.0,1.0
522,0,120000.0,170000000.0,0.5100000053644199,2.0,6.0,0.0,1.0
523,1,9000.0,170000000.0,3.0,1.0,8.0,0.0,1.0
524,2,240000.0,170000000.0,5.25,10.0,9.0,0.0,1.0
525,2,800000.0,170000000.0,3.7999999523162997,11.0,12.0,24.0,1.0
526,1,320000.0,170000000.0,0.70000000298023,13.0,9.0,0.0,1.0
527,0,210000.0,170000000.0,1.5000000447035,6.0,5.0,8.0,1.0
528,1,70000.0,170000000.0,2.1000000238419,9.0,16.0,0.0,1.0
529,0,50000.0,170000000.0,2.1999999880791,5.0,4.0,8.0,1.0
530,2,510000.0,170000000.0,7.5,7.0,16.0,4.0,1.0
531,2,100000.0,170000000.0,11.0,7.0,10.0,4.0,1.0
532,1,175000.0,170000000.0,2.0,3.0,8.0,0.0,0.0
533,2,60000.0,170000000.0,5.9999998807907,11.0,7.0,0.0,1.0
534,2,259000.0,170000000.0,7.5,6.0,18.0,28.0,1.0
535,1,200000.0,170000000.0,2.25,7.0,9.0,0.0,1.0
536,2,440000.0,170000000.0,3.5,5.0,9.0,24.0,1.0
537,2,1856000.0,170000000.0,2.6000000163912995,9.0,13.0,3.0,1.0
538,0,295000.0,170000000.0,2.75,3.0,6.0,4.0,1.0
539,2,5800.0,180000000.0,3.5,8.0,15.0,17.0,1.0
540,2,244000.0,180000000.0,3.75,10.0,20.0,0.0,1.0
541,1,18000.0,180000000.0,2.25,9.0,7.0,25.0,1.0
542,2,600000.0,180000000.0,5.25,7.0,14.0,4.0,1.0
543,1,248000.0,180000000.0,2.7700000107287996,5.0,15.0,23.0,1.0
544,1,80000.0,180000000.0,1.6000000089407,5.0,10.0,13.0,0.0
545,1,42000.0,180000000.0,0.5,3.0,9.0,0.0,1.0
546,3,432000.0,180000000.0,13.0,13.0,15.0,28.0,1.0
547,1,20000.0,180000000.0,1.8500000238418999,7.0,13.0,0.0,1.0
548,1,120000.0,180000000.0,2.0,5.0,8.0,0.0,1.0
549,2,56000.0,180000000.0,2.75,11.0,16.0,8.0,1.0
550,2,150000.0,180000000.0,5.0,4.0,15.0,0.0,1.0
551,0,374000.0,180000000.0,1.5,6.0,6.0,0.0,1.0
552,1,150000.0,180000000.0,2.5,6.0,13.0,0.0,1.0
553,1,380000.0,180000000.0,2.25,6.0,11.0,0.0,0.0
554,0,12000.0,180000000.0,1.5,2.0,6.0,7.0,1.0
555,2,70000.0,180000000.0,3.7000000029802003,5.0,12.0,0.0,1.0
556,2,22000.0,180000000.0,3.75,7.0,10.0,0.0,1.0
557,0,20000.0,180000000.0,1.0,4.0,7.0,0.0,1.0
558,2,26400.0,180000000.0,3.0,6.0,14.0,0.0,1.0
559,0,700000.0,180000000.0,1.0,2.0,4.0,0.0,1.0
560,3,780000.0,180000000.0,5.4000000357628,16.0,18.0,33.0,1.0
561,0,480000.0,180000000.0,0.5,6.0,2.0,0.0,1.0
562,2,470000.0,180000000.0,4.25,2.0,16.0,30.0,0.0
563,2,50000.0,180000000.0,4.700000047683701,5.0,16.0,11.0,0.0
564,0,90000.0,180000000.0,1.8000000119209,4.0,2.0,2.0,0.0
565,0,2400.0,180000000.0,2.0,3.0,2.0,6.0,1.0
566,0,1020000.0,180000000.0,4.0,8.0,2.0,6.980124929017603,0.0
567,0,440000.0,180000000.0,2.6999999880791004,7.0,4.0,12.0,1.0
568,2,82000.0,180000000.0,5.0,5.0,5.0,10.0,1.0
569,0,30000.0,180000000.0,1.7199999988079,6.0,5.0,10.0,1.0
570,0,630000.0,180000000.0,1.5,9.0,6.0,58.0,1.0
571,1,360000.0,180000000.0,2.7499999701977003,3.0,9.0,44.0,1.0
572,0,128000.0,180000000.0,2.5,4.0,6.0,0.0,1.0
573,1,72000.0,180000000.0,2.6499999910592997,3.0,8.0,0.0,1.0
574,2,192000.0,180000000.0,4.5,9.0,4.0,0.0,1.0
575,1,90000.0,180000000.0,2.5000000149012003,4.0,7.0,0.0,1.0
576,0,23000.0,180000000.0,3.1400001049042006,2.0,4.0,4.0,1.0
577,0,120000.0,180000000.0,3.0,5.0,3.0,0.0,1.0
578,1,40000.0,180000000.0,2.4399999976158,9.0,7.0,10.0,1.0
579,3,1992000.0,180000000.0,9.0,14.0,3.0,18.0,1.0
580,2,263200.0,180000000.0,4.1999999880791,4.0,8.0,0.0,1.0
581,2,1782000.0,180000000.0,5.5,2.0,4.0,60.0,1.0
582,2,900000.0,180000000.0,4.5,4.0,5.0,51.0,0.0
583,0,228000.0,180000000.0,2.0,3.0,4.0,58.0,1.0
584,0,72000.0,180000000.0,3.0,3.0,4.0,0.0,1.0
585,0,80000.0,180000000.0,1.3499999940395,2.0,5.0,0.0,1.0
586,0,122400.0,180000000.0,1.5000000149011998,5.0,6.0,0.0,1.0
587,0,20000.0,180000000.0,1.5499999821186,4.0,5.0,0.0,1.0
588,0,560000.0,180000000.0,2.0,5.0,3.0,4.0,1.0
589,2,3204000.0,180000000.0,7.5,5.0,9.0,50.0,1.0
590,0,250000.0,180000000.0,2.0,3.0,5.0,0.0,1.0
591,0,480000.0,180000000.0,2.0,3.0,6.0,0.0,1.0
592,2,210000.0,180000000.0,4.0,12.0,5.0,80.0,0.0
593,3,2374000.0,180000000.0,14.149999976157998,9.0,12.0,172.0,1.0
594,2,240000.0,180000000.0,3.0,3.0,8.0,104.0,1.0
595,0,1050000.0,180000000.0,3.0,4.0,4.0,133.0,1.0
596,2,44800.0,180000000.0,3.3999999761581003,4.0,8.0,20.0,0.0
597,1,395000.0,180000000.0,1.9499999880791,2.0,8.0,26.0,1.0
598,1,220000.0,180000000.0,2.2499999776483,3.0,10.0,20.0,1.0
599,2,840000.0,180000000.0,2.75,10.0,5.0,0.0,1.0
600,0,216000.0,180000000.0,2.25,5.0,6.0,0.0,1.0
601,2,4720800.0,180000000.0,3.25,4.0,7.0,62.0,1.0
602,0,480000.0,180000000.0,4.0,4.0,4.0,6.980124929017603,1.0
603,0,105000.0,180000000.0,0.68000000715256,2.0,2.0,0.0,1.0
604,0,81600.0,180000000.0,2.0,6.0,5.0,20.0,1.0
605,0,60000.0,180000000.0,3.5459534414117733,5.0,3.0,6.0,1.0
606,0,12000.0,180000000.0,1.5500000268221,3.0,6.0,18.0,1.0
607,2,297000.0,180000000.0,4.920000076293901,6.0,8.0,41.0,1.0
608,2,342000.0,180000000.0,4.3899999856949,4.0,8.0,0.0,1.0
609,3,5175000.0,190000000.0,9.5,16.0,8.0,208.0,1.0
610,0,300000.0,190000000.0,2.5,4.0,6.0,62.0,0.0
611,0,63500.0,190000000.0,0.5,4.0,5.0,1.0,1.0
612,0,400000.0,190000000.0,2.6999999880791004,5.0,3.0,8.0,0.0
613,2,192000.0,190000000.0,7.4979999065399,9.0,6.0,0.0,1.0
614,2,672000.0,190000000.0,5.6200000047684,7.0,8.0,5.0,1.0
615,2,1552000.0,190000000.0,4.0,11.0,4.0,2.0,1.0
616,0,450000.0,190000000.0,3.0,5.0,4.0,16.0,1.0
617,3,60000.0,190000000.0,6.25,12.0,7.0,15.0,1.0
618,0,50000.0,190000000.0,1.5,4.0,2.0,0.0,1.0
619,2,2120000.0,190000000.0,6.5,7.0,8.0,59.0,1.0
620,0,190000.0,190000000.0,2.9000000059605004,3.0,5.0,9.0,0.0
621,0,80000.0,190000000.0,1.0,2.0,4.0,5.0,1.0
622,0,60000.0,190000000.0,2.0,7.0,5.0,0.0,1.0
623,3,2020000.0,190000000.0,12.0,12.0,7.0,3.0,1.0
624,2,12400000.0,190000000.0,13.0,6.0,8.0,157.0,1.0
625,2,112000.0,190000000.0,6.5,5.0,11.0,10.0,0.0
626,2,149000.0,190000000.0,3.3499999940394996,6.0,11.0,0.0,0.0
627,0,150000.0,190000000.0,2.6000000238419,4.0,4.0,23.0,1.0
628,0,160000.0,190000000.0,1.0,2.0,4.0,0.0,1.0
629,2,300000.0,190000000.0,9.5,4.0,7.0,0.0,1.0
630,2,1110000.0,190000000.0,4.0,2.0,8.0,45.0,0.0
631,0,20000.0,190000000.0,0.95000001788139,1.0,4.0,5.0,1.0
632,2,48000.0,190000000.0,3.7200000286102,5.0,5.0,0.0,1.0
633,0,98000.0,190000000.0,1.8000000268221,3.0,5.0,6.980124929017603,1.0
634,0,50400.0,190000000.0,1.1000000238418999,4.0,5.0,0.0,1.0
635,2,912000.0,190000000.0,5.8000000119209005,8.0,10.0,25.0,0.0
636,2,300000.0,190000000.0,3.5,11.0,5.0,0.0,1.0
637,2,2076000.0,190000000.0,8.639999985694901,8.0,10.0,15.0,1.0
638,2,2000000.0,190000000.0,4.0,10.0,9.0,94.0,0.0
639,3,1568800.0,190000000.0,9.1000000238419,9.0,10.0,0.0,1.0
640,2,656000.0,190000000.0,4.3099998831749,3.0,6.0,6.0,1.0
641,1,3104000.0,190000000.0,2.1999999880791,3.0,9.0,7.0,0.0
642,0,40000.0,190000000.0,1.2000000476837,2.0,3.0,8.0,1.0
643,0,360000.0,190000000.0,3.4000000953674,2.0,5.0,0.0,1.0
644,0,257000.0,190000000.0,3.5459534414117733,2.0,1.0,5.0,1.0
645,2,460000.0,190000000.0,4.6000000238419005,3.0,7.0,0.0,0.0
646,2,1825000.0,190000000.0,4.8000000119209005,3.0,7.0,16.0,0.0
647,2,318000.0,190000000.0,5.8000000119209005,9.0,7.0,0.0,1.0
648,2,70000.0,190000000.0,2.0999999940395,13.0,6.0,5.0,1.0
649,0,9000.0,190000000.0,1.1000000089407,6.0,6.0,4.0,1.0
650,1,72000.0,190000000.0,2.8799999952316,4.0,8.0,0.0,1.0
651,2,75000.0,190000000.0,5.75,9.0,7.0,6.0,1.0
652,0,260000.0,190000000.0,2.4499999880791,2.0,6.0,45.0,0.0
653,0,1020000.0,190000000.0,2.5,2.0,6.0,0.0,1.0
654,0,44000.0,190000000.0,1.3000000417233,2.0,3.0,6.980124929017603,1.0
655,2,632000.0,190000000.0,4.3000000715256,4.0,6.0,10.0,1.0
656,0,105000.0,190000000.0,3.5459534414117733,3.0,2.0,6.980124929017603,1.0
657,1,100000.0,190000000.0,2.7499999403954,4.0,10.0,0.0,1.0
658,0,410000.0,190000000.0,1.5,4.0,5.0,0.0,0.0
659,2,20000.0,190000000.0,3.0000000149012,6.0,6.0,44.0,0.0
660,2,200000.0,190000000.0,4.0,3.0,7.0,3.0,1.0
661,1,320000.0,190000000.0,1.6000000014901001,1.0,12.0,0.0,1.0
662,0,85000.0,190000000.0,2.0,6.0,6.0,0.0,1.0
663,0,160000.0,190000000.0,2.0,8.0,2.0,0.0,1.0
664,2,290000.0,190000000.0,4.0,12.0,7.0,15.0,1.0
665,2,1760000.0,190000000.0,3.3000000119208996,6.0,6.0,7.0,0.0
666,0,70000.0,190000000.0,2.0,1.0,3.0,0.0,1.0
667,1,80000.0,190000000.0,1.2500000074506001,3.0,8.0,0.0,1.0
668,0,60000.0,190000000.0,1.0799999684095,4.0,5.0,0.0,1.0
669,0,150000.0,190000000.0,0.5,2.0,5.0,6.0,0.0
670,0,40000.0,190000000.0,0.85000000149012,5.0,4.0,4.0,1.0
671,0,14000.0,200000000.0,1.2000000327826001,4.0,5.0,6.0,1.0
672,1,60000.0,200000000.0,0.75,2.0,10.0,9.0,1.0
673,1,5000.0,200000000.0,2.3500000089407003,1.0,17.0,9.0,1.0
674,0,16500.0,200000000.0,1.5000000149011998,6.0,5.0,6.0,1.0
675,0,440000.0,200000000.0,2.0,8.0,6.0,0.0,1.0
676,1,284000.0,200000000.0,2.3349999878556003,5.0,14.0,0.0,1.0
677,1,1000000.0,200000000.0,2.2000000029802003,11.0,6.0,0.0,1.0
678,1,204000.0,200000000.0,0.85000000149012,1.0,12.0,7.0,1.0
679,2,9000.0,200000000.0,3.25,9.0,20.0,0.0,0.0
680,1,198000.0,200000000.0,2.25,4.0,14.0,21.0,1.0
681,1,257000.0,200000000.0,1.25,6.0,14.0,0.0,0.0
682,1,1500000.0,200000000.0,1.9300000071526,7.0,13.0,1.0,0.0
683,1,51000.0,200000000.0,0.80000001192093,4.0,9.0,0.0,1.0
684,0,80000.0,200000000.0,0.75,5.0,7.0,0.0,1.0
685,1,360000.0,200000000.0,0.3600000012666,3.0,14.0,1.0,0.0
686,0,80000.0,200000000.0,0.55999999493361,3.0,5.0,0.0,1.0
687,1,567500.0,200000000.0,1.125,6.0,14.0,15.0,1.0
688,2,155000.0,200000000.0,4.2199999988079,12.0,8.0,0.0,1.0
689,2,90000.0,200000000.0,3.1999999880791004,9.0,5.0,2.0,0.0
690,1,648000.0,200000000.0,1.3700000047684,8.0,8.0,0.0,0.0
691,1,40000.0,200000000.0,1.25,7.0,10.0,0.0,1.0
692,1,258000.0,200000000.0,2.25,4.0,23.0,60.0,1.0
693,1,224000.0,200000000.0,1.2000000029801998,0.0,16.0,2.0,1.0
694,0,64000.0,200000000.0,0.47000000625849003,2.0,4.0,6.980124929017603,1.0
695,1,149000.0,200000000.0,1.1500000059605,10.0,19.0,5.0,1.0
696,2,1369000.0,200000000.0,2.6399999856949,10.0,12.0,81.0,0.0
697,1,370000.0,200000000.0,1.75,6.0,12.0,29.0,0.0
698,1,20000.0,200000000.0,1.7900000214576999,7.0,11.0,0.0,0.0
699,1,845000.0,200000000.0,0.68000000715256,8.0,8.0,1.0,1.0
700,1,96000.0,200000000.0,1.5,3.0,8.0,4.0,0.0
701,1,60000.0,200000000.0,1.1800000071526002,11.0,8.0,24.0,1.0
702,1,77000.0,200000000.0,0.85999999940395,3.0,8.0,2.0,0.0
703,0,295000.0,200000000.0,0.50000001490116,11.0,6.0,0.0,0.0
704,2,188000.0,200000000.0,4.6000000163913,3.0,8.0,0.0,0.0
705,0,13000.0,200000000.0,0.5,2.0,7.0,0.0,0.0
706,1,45000.0,200000000.0,0.5,8.0,9.0,3.0,1.0
707,1,24000.0,200000000.0,1.5,3.0,13.0,4.0,0.0
708,0,10000.0,200000000.0,0.40000000596046,8.0,5.0,5.0,1.0
709,1,36000.0,200000000.0,2.5,6.0,7.0,0.0,1.0
710,1,30000.0,200000000.0,0.625,7.0,15.0,0.0,1.0
711,1,130000.0,200000000.0,1.5,0.0,9.0,28.0,1.0
712,1,150000.0,200000000.0,3.0,5.0,10.0,0.0,1.0
713,3,1046000.0,200000000.0,11.5,10.0,18.0,29.0,1.0
714,2,628000.0,200000000.0,3.5080000003800005,5.0,22.0,45.0,0.0
715,1,165600.0,200000000.0,1.5799999982119,2.0,15.0,14.0,0.0
716,1,210000.0,200000000.0,1.9000000655651,9.0,10.0,14.0,1.0
717,2,2428000.0,200000000.0,4.160000003874299,8.0,27.0,29.0,0.0
718,0,35000.0,210000000.0,1.0,6.0,3.0,0.0,0.0
719,2,39000.0,210000000.0,3.5,5.0,8.0,0.0,1.0
720,0,100000.0,210000000.0,1.0,5.0,5.0,7.0,1.0
721,2,920000.0,210000000.0,3.6000000238418997,5.8667763157894735,5.0,0.0,1.0
722,0,10000.0,210000000.0,0.81999999284744,6.0,3.0,0.0,1.0
723,0,2000.0,210000000.0,1.0,2.0,4.0,0.0,1.0
724,0,70000.0,210000000.0,1.4699999988079,2.0,3.0,0.0,1.0
725,0,248000.0,210000000.0,4.0,4.0,3.0,0.0,1.0
726,0,420000.0,210000000.0,3.0,5.0,4.0,0.0,1.0
727,0,960000.0,210000000.0,2.5,6.0,4.0,15.0,1.0
728,1,40000.0,210000000.0,1.8000000119209,11.0,8.0,0.0,1.0
729,2,270000.0,210000000.0,3.5,6.0,7.0,0.0,1.0
730,0,15000.0,210000000.0,1.0,2.0,4.0,0.0,1.0
731,2,200000.0,210000000.0,3.3999999761581003,4.0,7.0,0.0,1.0
732,0,136000.0,210000000.0,0.80000002682209,2.0,3.0,3.0,1.0
733,3,740000.0,210000000.0,10.5,9.0,9.0,0.0,1.0
734,0,80000.0,210000000.0,1.7000000476837,4.0,5.0,0.0,1.0
735,0,60000.0,210000000.0,0.5,5.0,3.0,0.0,1.0
736,0,56000.0,210000000.0,1.6700000166892999,1.0,7.0,15.0,1.0
737,1,304000.0,210000000.0,3.25,4.0,13.0,0.0,1.0
738,0,620000.0,210000000.0,2.7999999523162997,2.0,4.0,35.0,1.0
739,2,140000.0,210000000.0,4.0,6.0,5.0,5.0,1.0
740,2,40000.0,210000000.0,6.0,6.0,5.0,0.0,1.0
741,3,2548000.0,210000000.0,4.0,13.0,7.0,100.0,1.0
742,0,36000.0,210000000.0,2.5,3.0,5.0,0.0,1.0
743,0,354000.0,210000000.0,1.0,6.0,4.0,0.0,0.0
744,2,100000.0,210000000.0,4.0,8.0,6.0,6.0,1.0
745,2,560000.0,210000000.0,3.0,6.0,6.0,24.0,1.0
746,2,12000.0,210000000.0,14.0,4.0,5.0,6.980124929017603,0.0
747,2,20000.0,220000000.0,6.000000007450599,6.0,5.0,6.980124929017603,0.0
748,2,12000.0,220000000.0,6.0,5.0,2.0,6.980124929017603,0.0
749,3,96000.0,220000000.0,8.0,16.0,2.0,44.0,1.0
750,0,90000.0,220000000.0,1.8000000119209,7.0,6.0,0.0,1.0
751,2,310500.0,220000000.0,4.5,3.0,6.0,93.0,1.0
752,0,15000.0,220000000.0,1.3499999940395,3.0,5.0,0.0,1.0
753,2,220000.0,220000000.0,7.0,4.0,8.0,0.0,1.0
754,0,290000.0,220000000.0,1.2000000178813999,11.0,5.0,32.0,1.0
755,0,17600.0,220000000.0,1.0,4.0,3.0,22.0,1.0
756,0,200000.0,220000000.0,1.5,2.0,6.0,24.0,0.0
757,2,60000.0,220000000.0,6.5,9.0,9.0,28.0,1.0
758,3,216012.0,220000000.0,5.0,14.0,8.0,2.0,0.0
759,2,1150000.0,220000000.0,6.0,7.0,13.0,26.0,1.0
760,0,800000.0,220000000.0,2.0,7.0,5.0,45.0,1.0
761,2,107000.0,220000000.0,5.0,2.0,8.0,8.0,1.0
762,0,1020000.0,220000000.0,1.5,3.0,2.0,0.0,1.0
763,0,117000.0,220000000.0,1.8000000119209,3.0,3.0,15.0,1.0
764,2,1362000.0,220000000.0,5.25,7.0,12.0,6.0,1.0
765,0,692000.0,220000000.0,3.960000038147,2.0,5.0,3.0,1.0
766,0,7500.0,220000000.0,4.0,3.0,4.0,0.0,1.0
767,0,393.0,220000000.0,2.0,11.0,2.0,3.0,1.0
768,0,8000.0,220000000.0,2.0,5.0,6.0,0.0,0.0
769,2,135000.0,220000000.0,5.0,6.0,4.0,20.0,1.0
770,0,300000.0,220000000.0,2.0000000298023,3.0,5.0,0.0,1.0
771,2,2062000.0,220000000.0,2.8000000119208996,9.0,11.0,81.0,0.0
772,0,163000.0,220000000.0,2.0,8.0,4.0,0.0,1.0
773,2,64000.0,220000000.0,7.200000047683701,7.0,5.0,0.0,1.0
774,0,20000.0,220000000.0,2.0,3.0,6.0,0.0,1.0
775,0,16000.0,220000000.0,2.6999999880791004,1.0,3.0,0.0,1.0
776,0,500000.0,220000000.0,1.5,2.0,4.0,40.0,1.0
777,0,5000.0,220000000.0,1.8000000119209,4.0,3.0,4.0,0.0
778,0,200000.0,230000000.0,2.1999999880791,2.0,6.0,0.0,1.0
779,0,90000.0,230000000.0,2.0,3.0,2.0,0.0,1.0
780,2,160000.0,230000000.0,7.5,5.0,7.0,150.0,0.0
781,2,675000.0,230000000.0,3.2000000029802003,7.0,5.0,12.0,1.0
782,2,400000.0,230000000.0,2.8999999761581003,8.0,5.0,7.0,1.0
783,1,144000.0,230000000.0,2.1499999761581,4.0,7.0,0.0,1.0
784,1,18000.0,230000000.0,2.0,9.0,8.0,0.0,1.0
785,3,3404000.0,230000000.0,7.3999999761580995,13.0,7.0,8.0,1.0
786,1,250.0,230000000.0,3.0,4.0,7.0,5.0,1.0
787,0,280000.0,230000000.0,2.0,2.0,6.0,4.0,0.0
788,0,76000.0,230000000.0,3.0,2.0,4.0,0.0,0.0
789,2,90000.0,230000000.0,7.5,4.0,4.0,1.0,1.0
790,0,45000.0,230000000.0,1.6999999880791,3.0,5.0,0.0,1.0
791,2,360000.0,230000000.0,7.3000000119209005,8.0,7.0,11.0,1.0
792,0,133000.0,230000000.0,4.5,2.0,3.0,0.0,1.0
793,0,156000.0,230000000.0,1.5,2.0,4.0,0.0,1.0
794,0,200000.0,230000000.0,2.0,5.0,6.0,0.0,1.0
795,0,72000.0,230000000.0,2.0,2.0,2.0,4.0,1.0
796,2,514200.0,230000000.0,5.9000000059605,7.0,9.0,14.0,0.0
797,0,1894000.0,230000000.0,3.5,3.0,5.0,12.0,1.0
798,0,570000.0,230000000.0,1.0,5.0,4.0,0.0,1.0
799,0,72000.0,230000000.0,2.5,5.0,5.0,0.0,1.0
800,2,98000.0,230000000.0,2.75,8.0,6.0,0.0,1.0
801,0,405000.0,230000000.0,1.25,2.0,4.0,72.0,1.0
802,2,100000.0,230000000.0,4.0,3.0,7.0,14.0,1.0
803,0,25000.0,240000000.0,3.0,3.0,5.0,0.0,1.0
804,0,22000.0,240000000.0,2.1800000071526,6.0,5.0,2.0,0.0
805,2,75000.0,240000000.0,5.25,6.0,5.0,4.0,1.0
806,1,144000.0,240000000.0,1.5500000007451,6.0,11.0,0.0,0.0
807,1,300000.0,240000000.0,1.0,4.0,10.0,0.0,0.0
808,0,25000.0,240000000.0,1.5,4.0,5.0,0.0,1.0
809,1,220000.0,240000000.0,1.0060000000522,2.0,8.0,0.0,1.0
810,0,200000.0,240000000.0,4.0,4.0,3.0,35.0,0.0
811,0,95000.0,240000000.0,0.80000001192093,3.0,5.0,0.0,1.0
812,0,195000.0,240000000.0,4.0,3.0,4.0,0.0,1.0
813,0,50000.0,240000000.0,0.20000000298023,1.0,3.0,0.0,1.0
814,0,4500.0,240000000.0,0.6000000089406999,3.0,3.0,0.0,0.0
815,0,57000.0,240000000.0,3.5459534414117733,6.0,2.0,6.980124929017603,1.0
816,0,50000.0,240000000.0,1.5,11.0,4.0,4.0,1.0
817,1,47000.0,240000000.0,2.4750000238419,5.0,19.0,0.0,1.0
818,0,45000.0,240000000.0,3.5459534414117733,4.0,2.0,6.980124929017603,1.0
819,0,900000.0,240000000.0,2.0,3.0,6.0,0.0,1.0
820,0,60000.0,240000000.0,1.0,5.0,7.0,0.0,0.0
821,1,26000.0,240000000.0,2.0,7.0,13.0,0.0,1.0
822,2,3000.0,240000000.0,5.5,10.0,11.0,0.0,0.0
823,1,25000.0,240000000.0,2.0,2.0,8.0,0.0,1.0
824,1,888000.0,240000000.0,1.3499999940395,9.0,12.0,0.0,0.0
825,0,10000.0,240000000.0,1.1000000238418999,7.0,3.0,0.0,1.0
826,0,30000.0,240000000.0,0.25,2.0,2.0,0.0,1.0
827,1,75000.0,240000000.0,1.0,5.0,9.0,5.0,1.0
828,1,186000.0,240000000.0,1.5,4.0,11.0,10.0,1.0
829,1,72000.0,240000000.0,1.25,2.0,9.0,10.0,1.0
830,0,150000.0,240000000.0,0.5,9.0,3.0,0.0,1.0
831,0,450000.0,240000000.0,1.0,4.0,4.0,0.0,1.0
832,0,520000.0,240000000.0,2.0,11.0,5.0,0.0,1.0
833,1,148000.0,240000000.0,1.2400000058115,6.0,8.0,7.0,1.0
834,0,1050000.0,240000000.0,0.5,1.0,5.0,0.0,1.0
835,0,767000.0,240000000.0,1.6500000357628,4.0,5.0,0.0,1.0
836,0,100000.0,240000000.0,1.0,4.0,6.0,0.0,1.0
837,0,36000.0,240000000.0,1.0,7.0,3.0,0.0,1.0
838,0,234000.0,240000000.0,3.0,1.0,4.0,28.0,1.0
839,1,150000.0,240000000.0,0.875,3.0,11.0,0.0,1.0
840,1,16000.0,240000000.0,1.625,3.0,14.0,10.0,1.0
841,2,90000.0,240000000.0,2.7500000149012,10.0,20.0,3.0,1.0
842,1,24000.0,240000000.0,2.3950000107287996,6.0,19.0,9.0,1.0
843,0,52000.0,240000000.0,0.625,7.0,6.0,8.0,1.0
844,1,1170000.0,240000000.0,1.4000000059605,7.0,12.0,38.0,1.0
845,1,55500.0,240000000.0,1.4499999880791,2.0,8.0,0.0,1.0
846,1,10000.0,240000000.0,1.5,6.0,8.0,4.0,1.0
847,0,32000.0,250000000.0,2.0,4.0,4.0,6.980124929017603,1.0
848,2,500000.0,250000000.0,6.0,6.0,3.0,11.0,1.0
849,0,20000.0,250000000.0,1.0,5.0,2.0,6.980124929017603,0.0
850,0,190000.0,250000000.0,2.0,5.0,2.0,6.0,1.0
851,2,225000.0,250000000.0,6.0,5.0,2.0,6.980124929017603,1.0
852,0,8000.0,250000000.0,4.1100000143051,7.0,3.0,8.0,0.0
853,1,3000000.0,250000000.0,2.8700000047684,6.0,14.0,20.0,0.0
854,1,8000.0,250000000.0,1.0,12.0,10.0,0.0,1.0
855,1,1050000.0,250000000.0,1.6999999880791,3.0,11.0,0.0,0.0
856,2,24000.0,250000000.0,3.1500000059605004,7.0,27.0,0.0,0.0
857,0,100000.0,250000000.0,1.6000000238418999,3.0,7.0,6.0,1.0
858,0,190000.0,250000000.0,1.4900000095366999,5.0,6.0,0.0,1.0
859,1,203000.0,250000000.0,1.5,9.0,9.0,6.0,0.0
860,2,200000.0,250000000.0,4.375,7.0,18.0,7.0,0.0
861,0,20000.0,250000000.0,3.5459534414117733,3.0,3.0,6.980124929017603,0.0
862,1,120000.0,250000000.0,2.75,7.0,10.0,2.0,0.0
863,1,100000.0,250000000.0,1.25,12.0,7.0,0.0,0.0
864,1,15000.0,250000000.0,2.0000000298023,3.0,7.0,0.0,0.0
865,2,440000.0,250000000.0,4.5,7.0,11.0,0.0,0.0
866,0,200000.0,250000000.0,0.5,3.0,5.0,0.0,1.0
867,2,1108000.0,250000000.0,6.0,6.0,16.0,0.0,1.0
868,1,12500.0,250000000.0,3.0,2.0,8.0,0.0,1.0
869,1,940000.0,250000000.0,2.0,6.0,9.0,0.0,1.0
870,3,1440000.0,250000000.0,6.5,9.0,20.0,0.0,1.0
871,2,9628700.0,250000000.0,3.75,8.0,24.0,0.0,1.0
872,2,4240000.0,250000000.0,9.0,7.0,13.0,0.0,1.0
873,1,520000.0,250000000.0,1.2500000149011998,9.0,13.0,0.0,1.0
874,1,780000.0,250000000.0,1.25,3.0,9.0,0.0,1.0
875,2,980000.0,250000000.0,3.4000000357628,3.0,12.0,4.0,1.0
876,1,180000.0,250000000.0,1.7000000029802,3.0,11.0,0.0,1.0
877,2,600000.0,250000000.0,3.7400000095367,5.0,12.0,0.0,0.0
878,1,2640000.0,250000000.0,1.9599999934435002,4.0,10.0,19.0,1.0
879,0,96000.0,250000000.0,1.0,4.0,6.0,0.0,1.0
880,2,530000.0,250000000.0,4.4000000059605,6.0,12.0,23.0,1.0
881,3,2460000.0,250000000.0,5.25,16.0,12.0,56.0,1.0
882,3,1164000.0,250000000.0,4.0,20.0,8.0,10.0,1.0
883,2,2400000.0,250000000.0,6.0,6.0,16.0,0.0,1.0
884,1,1120000.0,250000000.0,2.5,4.0,9.0,0.0,1.0
885,2,980000.0,260000000.0,4.5,4.0,8.0,15.0,1.0
886,1,440000.0,260000000.0,1.8000000044703002,6.0,8.0,0.0,1.0
887,0,12000.0,260000000.0,0.40000000596046,3.0,6.0,0.0,1.0
888,2,336000.0,260000000.0,11.0,7.0,8.0,0.0,1.0
889,0,800000.0,260000000.0,0.60000002384186,2.0,8.0,22.0,1.0
890,0,100000.0,260000000.0,0.50000000745058,2.0,7.0,7.0,1.0
891,3,5400000.0,260000000.0,12.5,11.0,17.0,5.0,1.0
892,2,750000.0,260000000.0,12.0,6.0,14.0,0.0,0.0
893,1,100000.0,260000000.0,2.2000000029802003,3.0,10.0,0.0,1.0
894,1,2020000.0,260000000.0,2.25,8.0,14.0,3.0,0.0
895,1,1580000.0,260000000.0,2.8000000268221004,5.0,9.0,12.0,1.0
896,0,45000.0,260000000.0,0.50000000745058,1.0,7.0,0.0,1.0
897,2,320000.0,260000000.0,3.25,9.0,11.0,2.0,1.0
898,0,168000.0,260000000.0,0.25,3.0,4.0,0.0,1.0
899,0,1500000.0,260000000.0,1.0,4.0,3.0,0.0,1.0
900,3,2320000.0,260000000.0,2.5,16.0,8.0,47.0,0.0
901,1,268000.0,260000000.0,2.2000000178814,3.0,12.0,0.0,1.0
902,3,2040000.0,260000000.0,5.25,20.0,8.0,5.0,1.0
903,1,2008000.0,260000000.0,2.0000000149012,6.0,14.0,0.0,1.0
904,2,2100000.0,260000000.0,10.900000005959999,5.0,9.0,0.0,1.0
905,0,100000.0,260000000.0,0.40000000596046,4.0,5.0,0.0,1.0
906,0,150000.0,260000000.0,0.5,1.0,4.0,0.0,1.0
907,2,120000.0,260000000.0,6.0,8.0,6.0,0.0,1.0
908,2,1900000.0,260000000.0,3.5000000149012,9.0,12.0,26.0,1.0
909,2,200000.0,260000000.0,5.5,7.0,8.0,0.0,0.0
910,1,960000.0,260000000.0,2.0,3.0,7.0,0.0,1.0
911,0,160000.0,260000000.0,1.7000000029802,6.0,6.0,11.0,1.0
912,1,720000.0,260000000.0,1.7999999523163,7.0,9.0,0.0,1.0
913,3,1600000.0,260000000.0,6.0,15.0,7.0,0.0,1.0
914,3,60000.0,260000000.0,6.0,11.0,10.0,0.0,1.0
915,0,20000.0,260000000.0,1.0,3.0,5.0,0.0,1.0
916,0,400000.0,260000000.0,1.0000000074506,5.0,5.0,0.0,1.0
917,0,900000.0,260000000.0,1.0,3.0,4.0,0.0,1.0
918,1,2350000.0,260000000.0,1.75,6.0,8.0,0.0,1.0
919,0,60000.0,260000000.0,2.8000000119208996,2.0,6.0,0.0,1.0
920,1,60000.0,260000000.0,2.1000000238419,6.0,10.0,0.0,1.0
921,0,120000.0,260000000.0,1.8000000715256,3.0,1.0,6.980124929017603,1.0
922,2,135000.0,260000000.0,2.8000000268221004,8.0,15.0,0.0,0.0
923,1,1582000.0,260000000.0,3.0000000074506,5.0,17.0,0.0,1.0
924,0,60000.0,260000000.0,1.5,1.0,6.0,0.0,1.0
925,3,270000.0,260000000.0,7.5,11.0,17.0,0.0,1.0
926,2,1140000.0,260000000.0,4.0,6.0,20.0,0.0,1.0
927,0,72000.0,260000000.0,3.5459534414117733,4.0,4.0,6.980124929017603,1.0
928,1,21000.0,260000000.0,3.0000000149012,4.0,15.0,0.0,1.0
929,1,2340000.0,260000000.0,2.0,6.0,8.0,0.0,1.0
930,2,220000.0,260000000.0,4.0,5.0,15.0,0.0,1.0
931,0,1120000.0,260000000.0,0.5,3.0,6.0,0.0,1.0
932,2,1000000.0,260000000.0,6.8000000193715,8.0,14.0,0.0,1.0
933,1,396000.0,260000000.0,2.200000077486,4.0,8.0,0.0,1.0
934,2,3000000.0,260000000.0,5.25,6.0,18.0,0.0,1.0
935,2,372000.0,260000000.0,7.0,4.0,12.0,49.0,1.0
936,1,190000.0,260000000.0,1.4000000208616001,3.0,9.0,0.0,1.0
937,1,230000.0,260000000.0,2.75,5.0,8.0,0.0,1.0
938,0,60000.0,260000000.0,1.1700000017881003,4.0,6.0,0.0,1.0
939,1,584000.0,260000000.0,3.0,4.0,14.0,0.0,1.0
940,1,640000.0,260000000.0,2.0,6.0,8.0,14.0,0.0
941,2,21300000.0,260000000.0,5.000000007450599,4.0,14.0,0.0,0.0
942,1,10000.0,260000000.0,2.5,3.0,12.0,0.0,1.0
943,0,96000.0,260000000.0,1.0,4.0,4.0,0.0,1.0
944,3,9068000.0,260000000.0,14.0,14.0,14.0,0.0,0.0
945,3,1040000.0,260000000.0,3.0,16.0,13.0,0.0,1.0
946,2,216000.0,260000000.0,3.1999999880791004,5.0,11.0,0.0,1.0
947,0,150000.0,260000000.0,3.5459534414117733,1.0,1.0,6.980124929017603,1.0
948,0,60000.0,270000000.0,1.1000000014901001,5.0,4.0,42.0,1.0
949,0,480000.0,270000000.0,0.70000002533197,7.0,2.0,17.0,1.0
950,0,102000.0,270000000.0,0.20000000298023,3.0,4.0,0.0,1.0
951,2,680000.0,270000000.0,4.4500000029802,6.0,11.0,0.0,1.0
952,1,60000.0,270000000.0,1.0500000119209,5.0,11.0,18.0,1.0
953,1,50000.0,270000000.0,0.40000000596046,3.0,9.0,0.0,1.0
954,1,120000.0,270000000.0,0.70000001043081,4.0,9.0,24.0,1.0
955,0,40000.0,270000000.0,1.3000000268221001,5.0,6.0,0.0,1.0
956,0,130000.0,270000000.0,1.0,6.0,7.0,0.0,1.0
957,0,940000.0,270000000.0,0.5,13.0,4.0,0.0,1.0
958,2,103000.0,270000000.0,5.400000020861599,6.0,8.0,0.0,1.0
959,2,90000.0,270000000.0,4.75,6.0,17.0,0.0,1.0
960,1,500000.0,270000000.0,3.0,2.0,9.0,0.0,1.0
961,1,50000.0,270000000.0,0.6000000089406999,3.0,9.0,0.0,1.0
962,1,160000.0,270000000.0,2.5,1.0,7.0,0.0,1.0
963,1,106000.0,270000000.0,2.9000000134109998,4.0,17.0,0.0,1.0
964,1,750000.0,270000000.0,1.9500000029802,9.0,12.0,0.0,1.0
965,3,360000.0,270000000.0,2.0,14.0,14.0,0.0,1.0
966,2,300000.0,270000000.0,4.0,6.0,14.0,0.0,1.0
967,1,240000.0,270000000.0,1.9000000655651,1.0,13.0,0.0,1.0
968,2,360000.0,270000000.0,3.6999999433756,6.0,13.0,0.0,1.0
969,1,300000.0,270000000.0,1.75,3.0,14.0,0.0,1.0
970,1,1200000.0,270000000.0,1.5,3.0,8.0,0.0,1.0
971,0,1000000.0,270000000.0,2.5,6.0,6.0,0.0,1.0
972,0,20000.0,270000000.0,1.5,3.0,6.0,0.0,1.0
973,0,1160000.0,270000000.0,1.0,4.0,7.0,0.0,1.0
974,1,800000.0,270000000.0,2.0000000074506,6.0,9.0,0.0,1.0
975,2,300000.0,280000000.0,6.75,3.0,6.0,0.0,1.0
976,2,3260000.0,280000000.0,4.5,4.0,10.0,0.0,1.0
977,2,370000.0,280000000.0,3.5500000044703,7.0,9.0,0.0,0.0
978,1,120000.0,280000000.0,1.5,4.0,7.0,0.0,1.0
979,1,982000.0,280000000.0,3.0,3.0,12.0,0.0,1.0
980,1,2770000.0,280000000.0,2.75,2.0,14.0,0.0,1.0
981,2,499000.0,280000000.0,9.0,1.0,14.0,0.0,1.0
982,2,960000.0,280000000.0,7.5,3.0,13.0,0.0,1.0
983,2,2540000.0,280000000.0,3.0,10.0,9.0,0.0,1.0
984,2,360000.0,280000000.0,2.8799999356269996,7.0,6.0,0.0,0.0
985,0,105000.0,280000000.0,1.75,3.0,3.0,6.980124929017603,1.0
986,2,42000.0,280000000.0,4.0,9.0,9.0,0.0,0.0
987,2,504000.0,280000000.0,4.0,5.0,11.0,0.0,1.0
988,0,960000.0,280000000.0,3.0,4.0,5.0,0.0,1.0
989,2,690000.0,280000000.0,7.600000001490099,4.0,18.0,0.0,0.0
990,3,393000.0,280000000.0,8.0000000149012,9.0,16.0,0.0,0.0
991,2,240000.0,280000000.0,10.899999834597,3.0,12.0,0.0,0.0
992,0,780000.0,280000000.0,2.0,5.0,4.0,0.0,0.0
993,2,2348000.0,280000000.0,4.25,4.0,12.0,0.0,1.0
994,1,2160000.0,280000000.0,2.5,4.0,9.0,0.0,1.0
995,3,720000.0,280000000.0,12.0,10.0,12.0,0.0,0.0
996,2,312000.0,280000000.0,4.0,3.0,7.0,0.0,1.0
997,1,3800000.0,280000000.0,2.25,10.0,11.0,0.0,1.0
998,2,4400000.0,280000000.0,6.0,8.0,15.0,0.0,1.0
999,0,116000.0,280000000.0,1.0,9.0,4.0,0.0,1.0
1000,2,1000000.0,280000000.0,6.5,6.0,12.0,0.0,1.0
1001,2,460000.0,280000000.0,3.5,3.0,13.0,0.0,0.0
1002,2,4125000.0,280000000.0,7.3000000119209005,7.0,8.0,0.0,1.0
1003,3,1100000.0,280000000.0,6.5,10.0,15.0,0.0,1.0
1004,1,710000.0,280000000.0,2.5,2.0,12.0,0.0,1.0
1005,2,618000.0,280000000.0,3.3500000089407003,6.0,14.0,0.0,0.0
1006,0,3800000.0,280000000.0,2.0,7.0,4.0,0.0,1.0
1007,2,2080000.0,280000000.0,4.0,4.0,12.0,0.0,1.0
1008,3,3130000.0,280000000.0,8.0,11.0,7.0,0.0,1.0
1009,2,1600000.0,280000000.0,5.75,4.0,10.0,0.0,1.0
1010,0,250000.0,280000000.0,0.5,3.0,8.0,0.0,1.0
1011,2,80000.0,280000000.0,3.5,4.0,10.0,0.0,1.0
1012,1,620000.0,280000000.0,2.5,5.0,16.0,0.0,1.0
1013,1,200000.0,280000000.0,1.25,4.0,10.0,0.0,1.0
1014,0,130000.0,280000000.0,1.4000000208616001,4.0,7.0,6.980124929017603,1.0
1015,2,800000.0,280000000.0,4.25,8.0,12.0,0.0,1.0
1016,2,239500.0,280000000.0,4.0500000342727,8.0,17.0,0.0,0.0
1017,0,1360000.0,280000000.0,0.7500000298023201,4.0,5.0,0.0,1.0
1018,2,740000.0,280000000.0,4.5,9.0,12.0,4.0,1.0
1019,1,108000.0,290000000.0,2.6000000834465,3.0,11.0,4.0,1.0
1020,0,6000.0,290000000.0,1.1000000014901001,5.0,7.0,3.0,1.0
1021,1,240000.0,290000000.0,1.6500000208616001,3.0,12.0,0.0,1.0
1022,1,35000.0,290000000.0,1.5000000447035,3.0,13.0,0.0,1.0
1023,2,80000.0,290000000.0,8.0000001192093,7.0,10.0,0.0,1.0
1024,1,24000.0,290000000.0,0.60000001639128,2.0,10.0,14.0,0.0
1025,1,340000.0,290000000.0,0.75000000745058,2.0,8.0,50.0,1.0
1026,0,150000.0,290000000.0,0.90000001341105,2.0,5.0,0.0,1.0
1027,2,4821000.0,290000000.0,5.8000000119209005,3.0,12.0,22.0,0.0
1028,0,15000.0,290000000.0,0.60000002384186,1.0,3.0,0.0,0.0
1029,1,240000.0,290000000.0,1.2000000402331001,3.0,8.0,0.0,1.0
1030,2,1160000.0,290000000.0,2.75,12.0,5.0,11.0,1.0
1031,1,600000.0,290000000.0,1.0,11.0,14.0,0.0,1.0
1032,1,690000.0,290000000.0,1.75,5.0,11.0,0.0,1.0
1033,1,360000.0,290000000.0,2.5,6.0,10.0,0.0,1.0
1034,2,200000.0,290000000.0,5.5,3.0,13.0,0.0,1.0
1035,3,6300000.0,290000000.0,2.0000000149012,23.0,10.0,26.0,0.0
1036,1,50000.0,290000000.0,0.80000002682209,7.0,9.0,10.0,0.0
1037,3,60000.0,290000000.0,4.129999935627,12.0,10.0,0.0,1.0
1038,0,400000.0,290000000.0,1.0,5.0,5.0,0.0,1.0
1039,0,2400000.0,290000000.0,1.3000000268221001,5.0,4.0,22.0,1.0
1040,3,400000.0,290000000.0,10.0,13.0,10.0,0.0,1.0
1041,1,150000.0,290000000.0,2.0,4.0,8.0,0.0,0.0
1042,3,1300000.0,290000000.0,8.0,15.0,8.0,24.0,1.0
1043,3,2700000.0,290000000.0,4.1000000014901,17.0,9.0,114.0,1.0
1044,0,80000.0,300000000.0,1.5,3.0,4.0,0.0,1.0
1045,2,900000.0,300000000.0,2.5,11.0,7.0,0.0,1.0
1046,1,240000.0,300000000.0,1.6500000059605,2.0,8.0,12.0,1.0
1047,1,320000.0,300000000.0,1.5,4.0,7.0,0.0,1.0
1048,1,40000.0,300000000.0,1.1000000089407,2.0,8.0,0.0,1.0
1049,1,948000.0,300000000.0,1.0000000223516998,4.0,13.0,0.0,0.0
1050,0,170000.0,300000000.0,3.5459534414117733,2.0,2.0,6.980124929017603,1.0
1051,1,1650000.0,300000000.0,2.5,7.0,7.0,4.0,1.0
1052,1,120000.0,300000000.0,2.650000013411,3.0,13.0,23.0,1.0
1053,1,140000.0,300000000.0,1.3000000193715,4.0,9.0,0.0,1.0
1054,0,140000.0,300000000.0,1.0,3.0,7.0,0.0,1.0
1055,0,240000.0,300000000.0,1.0000000298023,3.0,7.0,18.0,1.0
1056,1,400000.0,300000000.0,2.400000013411,6.0,14.0,0.0,0.0
1057,1,64000.0,300000000.0,2.0,4.0,11.0,1.0,1.0
1058,1,128000.0,300000000.0,2.3000000715256,4.0,10.0,0.0,1.0
1059,0,15000.0,300000000.0,3.5459534414117733,1.0,2.0,11.0,1.0
1060,2,1320000.0,300000000.0,5.0,5.0,10.0,50.0,1.0
1061,1,638000.0,300000000.0,1.2500000149011998,5.0,8.0,26.0,1.0
1062,1,1120000.0,300000000.0,1.7500000074506,4.0,10.0,0.0,1.0
1063,1,80000.0,300000000.0,1.0000000074506,4.0,12.0,0.0,1.0
1064,1,162000.0,300000000.0,1.6500000357628,4.0,11.0,35.0,1.0
1065,1,992000.0,300000000.0,2.0,4.0,10.0,32.0,1.0
1066,2,480000.0,300000000.0,3.0,6.0,11.0,0.0,1.0
1067,1,1240000.0,300000000.0,1.3000000119208999,7.0,9.0,0.0,1.0
1068,1,300000.0,300000000.0,2.8000000119208996,6.0,16.0,0.0,1.0
1069,1,4086000.0,300000000.0,2.8000000193715002,3.0,16.0,31.0,1.0
1070,0,400000.0,300000000.0,2.0,4.0,6.0,0.0,1.0
1071,0,21000.0,300000000.0,1.3000000119208999,4.0,6.0,0.0,1.0
1072,3,6796000.0,300000000.0,11.699999988079,8.0,16.0,0.0,1.0
1073,1,1700000.0,300000000.0,2.2000000476837003,6.0,12.0,0.0,1.0
1074,2,2720000.0,300000000.0,4.0,9.0,6.0,70.0,1.0
1075,2,280000.0,300000000.0,3.6999999284744,4.0,9.0,0.0,0.0
1076,3,5680000.0,300000000.0,3.5,16.0,16.0,45.0,1.0
1077,2,2300000.0,300000000.0,2.4999999850987997,12.0,13.0,56.0,1.0
1078,0,60000.0,300000000.0,3.5459534414117733,4.0,2.0,7.0,1.0
1079,0,350000.0,300000000.0,1.0,6.0,3.0,0.0,1.0
1080,2,10900000.0,300000000.0,9.5,5.0,9.0,0.0,1.0
1081,3,13200000.0,300000000.0,15.0,30.0,12.0,4.0,1.0
1082,2,11000000.0,300000000.0,5.0,10.0,5.0,0.0,1.0
1083,2,4980000.0,300000000.0,4.6000000163913,8.0,16.0,16.0,1.0
1084,1,1160000.0,300000000.0,1.6000000089407,4.0,10.0,32.0,1.0
1085,0,150000.0,300000000.0,0.75000001490116,4.0,7.0,0.0,1.0
1086,1,960000.0,300000000.0,0.60000000149012,6.0,10.0,0.0,0.0
1087,1,520000.0,300000000.0,0.6000000089406999,4.0,12.0,8.0,0.0
1088,2,3640000.0,300000000.0,2.6499999761581,9.0,16.0,0.0,0.0
1089,2,3532000.0,300000000.0,3.3499999940394996,10.0,15.0,20.0,1.0
1090,1,1300000.0,300000000.0,1.2500000372528999,7.0,9.0,0.0,0.0
1091,1,330000.0,300000000.0,1.75,6.0,10.0,0.0,1.0
1092,0,4000.0,300000000.0,0.5,2.0,4.0,0.0,1.0
1093,1,100000.0,300000000.0,1.0000000149011998,7.0,15.0,19.0,1.0
1094,2,410000.0,300000000.0,3.6999999880791004,4.0,14.0,12.0,1.0
1095,1,460000.0,300000000.0,2.0000000149012,5.0,16.0,27.0,1.0
1096,1,380000.0,300000000.0,1.2500000223516998,6.0,8.0,0.0,0.0
1097,0,900000.0,300000000.0,0.50000001490116,3.0,8.0,0.0,1.0
1098,3,5052000.0,300000000.0,5.0,12.0,10.0,13.0,1.0
1099,1,1060000.0,300000000.0,3.0,4.0,9.0,0.0,1.0
1100,0,250000.0,300000000.0,1.25,3.0,7.0,0.0,1.0
1101,0,240000.0,300000000.0,0.25,2.0,2.0,0.0,1.0
1102,2,720000.0,300000000.0,3.4000000953674,11.0,8.0,0.0,1.0
1103,0,200000.0,300000000.0,0.50000000745058,4.0,6.0,0.0,1.0
1104,3,40000.0,300000000.0,3.5459534414117733,16.0,4.0,24.0,0.0
1105,3,6336000.0,300000000.0,2.25,18.0,9.0,24.0,1.0
1106,0,60000.0,300000000.0,1.2000000178813999,4.0,7.0,0.0,0.0
1107,1,360000.0,300000000.0,2.0,7.0,7.0,0.0,1.0
1108,2,1200000.0,300000000.0,12.0,6.0,14.0,0.0,1.0
1109,0,34000.0,300000000.0,0.5,1.0,8.0,0.0,1.0
1110,1,900000.0,300000000.0,1.8999999538064,4.0,9.0,0.0,1.0
1111,0,1000000.0,300000000.0,1.25,6.0,6.0,0.0,1.0
1112,3,1240000.0,300000000.0,6.0,13.0,6.0,0.0,1.0
1113,2,1164000.0,300000000.0,3.0000000149012,9.0,14.0,137.0,1.0
1114,2,516000.0,300000000.0,6.4000000059605,4.0,8.0,0.0,1.0
1115,2,80000.0,300000000.0,4.25,2.0,7.0,7.0,1.0
1116,2,6790000.0,300000000.0,4.5,9.0,18.0,0.0,1.0
1117,2,600000.0,300000000.0,3.0,10.0,12.0,22.0,1.0
1118,2,2980000.0,300000000.0,3.5000000149012,6.0,10.0,6.0,1.0
1119,2,1920000.0,300000000.0,5.6000000238419005,6.0,11.0,12.0,1.0
1120,1,448000.0,300000000.0,2.3999999761581,4.0,8.0,6.0,1.0
1121,1,60000.0,300000000.0,2.2000000029802003,2.0,7.0,24.0,0.0
1122,1,4000000.0,300000000.0,1.400000013411,7.0,7.0,20.0,1.0
1123,3,14000000.0,310000000.0,10.0,13.0,18.0,25.0,0.0
1124,0,1390000.0,310000000.0,2.0,7.0,6.0,6.0,0.0
1125,0,500000.0,310000000.0,1.0,6.0,2.0,0.0,1.0
1126,2,10400000.0,310000000.0,6.5,8.0,7.0,5.0,1.0
1127,0,340000.0,310000000.0,1.3000000119208999,3.0,7.0,0.0,1.0
1128,1,180000.0,310000000.0,2.8999999314547003,5.0,9.0,0.0,1.0
1129,0,80000.0,310000000.0,1.0,2.0,7.0,0.0,1.0
1130,1,1160000.0,310000000.0,2.0000000298023,7.0,16.0,4.0,1.0
1131,2,2766000.0,310000000.0,3.5,5.0,12.0,20.0,1.0
1132,2,3760000.0,310000000.0,2.6999999880791004,10.0,11.0,15.0,1.0
1133,2,70000.0,310000000.0,3.6000000536442,4.0,9.0,0.0,1.0
1134,1,176000.0,310000000.0,2.0,6.0,10.0,42.0,1.0
1135,2,1070000.0,310000000.0,6.500000029802299,5.0,19.0,3.0,1.0
1136,2,120000.0,310000000.0,4.3999999538064,4.0,9.0,0.0,1.0
1137,0,60000.0,310000000.0,0.25,2.0,5.0,0.0,1.0
1138,1,68000.0,310000000.0,1.5000000149011998,5.0,9.0,17.0,1.0
1139,1,116000.0,310000000.0,0.85000000149012,5.0,9.0,9.0,1.0
1140,1,60000.0,310000000.0,1.7000000551343,2.0,13.0,0.0,1.0
1141,3,500000.0,310000000.0,5.0,11.0,14.0,10.0,1.0
1142,0,84000.0,310000000.0,0.25,3.0,4.0,0.0,1.0
1143,2,2440000.0,310000000.0,7.0,6.0,21.0,5.0,1.0
1144,0,20000.0,310000000.0,1.5,3.0,6.0,7.0,1.0
1145,1,120000.0,310000000.0,2.0000000149012,8.0,9.0,0.0,1.0
1146,2,1004000.0,310000000.0,3.5,4.0,13.0,0.0,0.0
1147,2,600000.0,310000000.0,4.0,4.0,8.0,100.0,1.0
1148,1,50000.0,310000000.0,1.3000000417233,2.0,8.0,0.0,1.0
1149,1,130000.0,310000000.0,1.75,7.0,10.0,0.0,1.0
1150,1,892000.0,310000000.0,1.75,3.0,12.0,0.0,1.0
1151,2,344000.0,310000000.0,3.5,7.0,9.0,0.0,0.0
1152,1,80000.0,310000000.0,1.25,5.0,9.0,0.0,0.0
1153,1,60000.0,310000000.0,2.0,10.0,6.0,59.0,0.0
1154,0,565000.0,310000000.0,2.4000000655651,5.0,5.0,3.0,0.0
1155,2,714000.0,310000000.0,4.5,5.0,11.0,5.0,1.0
1156,1,270000.0,310000000.0,2.4000000506638997,5.0,10.0,0.0,0.0
1157,2,3210000.0,310000000.0,2.7000000178814,10.0,16.0,0.0,1.0
1158,1,20000.0,310000000.0,1.3000000193715,3.0,11.0,0.0,1.0
1159,0,7000.0,310000000.0,0.6500000059604599,8.0,5.0,6.980124929017603,0.0
1160,1,1100000.0,310000000.0,2.3000000119209,3.0,12.0,0.0,0.0
1161,2,8090000.0,310000000.0,5.6999999880790995,8.0,23.0,0.0,1.0
1162,3,23400000.0,310000000.0,12.0,32.0,11.0,0.0,0.0
1163,2,1140000.0,310000000.0,3.6000000536442,4.0,9.0,0.0,1.0
1164,1,450000.0,310000000.0,1.25,6.0,10.0,6.0,1.0
1165,2,120000.0,310000000.0,3.4000000059605004,7.0,13.0,0.0,1.0
1166,0,14000.0,310000000.0,0.90000002086163,3.0,5.0,5.0,1.0
1167,3,11800000.0,310000000.0,12.0,8.0,19.0,0.0,1.0
1168,1,225000.0,310000000.0,1.5000000223517,3.0,15.0,2.0,1.0
1169,1,46000.0,310000000.0,1.6000000238418999,2.0,13.0,0.0,1.0
1170,2,1540000.0,310000000.0,4.1499999091029,7.0,15.0,82.0,1.0
1171,1,280000.0,310000000.0,1.5000000223517,3.0,12.0,0.0,1.0
1172,1,120000.0,310000000.0,2.0,5.0,10.0,0.0,1.0
1173,1,750000.0,310000000.0,2.4000000357627997,5.0,16.0,47.0,1.0
1174,0,180000.0,310000000.0,1.0,3.0,7.0,0.0,1.0
1175,2,140000.0,310000000.0,4.0499999299645,4.0,16.0,10.0,1.0
1176,1,300000.0,310000000.0,1.7000000178814,5.0,7.0,3.0,1.0
1177,1,2000000.0,310000000.0,1.3000000119208999,5.0,8.0,6.0,1.0
1178,1,56000.0,310000000.0,1.4000000059605,5.0,12.0,7.0,1.0
1179,1,770000.0,310000000.0,2.2500000298022997,6.0,16.0,0.0,1.0
1180,0,256000.0,320000000.0,1.3000000417233,5.0,6.0,6.0,1.0
1181,1,720000.0,320000000.0,2.3000000268221,3.0,15.0,20.0,1.0
1182,0,5040000.0,320000000.0,2.0,3.0,5.0,26.0,1.0
1183,3,164000.0,320000000.0,13.0,6.0,23.0,5.0,1.0
1184,2,320000.0,320000000.0,4.199999958276701,4.0,13.0,2.0,1.0
1185,1,371200.0,320000000.0,1.8000000566244,6.0,12.0,2.0,1.0
1186,2,228000.0,320000000.0,4.25,7.0,11.0,19.0,0.0
1187,3,424000.0,320000000.0,6.5,11.0,15.0,109.0,1.0
1188,2,100000.0,320000000.0,3.4000000506638997,8.0,11.0,0.0,1.0
1189,2,340000.0,320000000.0,9.0,4.0,15.0,0.0,1.0
1190,1,628000.0,320000000.0,2.75,4.0,13.0,0.0,1.0
1191,2,317000.0,320000000.0,8.5,3.0,10.0,0.0,1.0
1192,1,250000.0,320000000.0,2.1000000014901,10.0,8.0,0.0,1.0
1193,2,250000.0,320000000.0,7.0,8.0,8.0,7.0,1.0
1194,1,12000.0,320000000.0,1.0000000223516998,2.0,10.0,0.0,1.0
1195,2,740000.0,320000000.0,4.0,6.0,14.0,0.0,1.0
1196,1,40000.0,320000000.0,2.5,2.0,7.0,0.0,1.0
1197,3,280000.0,320000000.0,7.5,15.0,26.0,0.0,1.0
1198,0,66000.0,320000000.0,0.75000000745058,3.0,6.0,0.0,1.0
1199,1,340000.0,320000000.0,2.5,2.0,8.0,0.0,1.0
1200,1,243000.0,320000000.0,1.7500000074506,3.0,17.0,0.0,0.0
1201,1,5000.0,320000000.0,1.5,3.0,9.0,0.0,1.0
1202,2,210000.0,320000000.0,3.0,6.0,9.0,0.0,1.0
1203,1,320000.0,320000000.0,2.25,3.0,11.0,0.0,1.0
1204,1,220000.0,320000000.0,2.0,3.0,16.0,0.0,1.0
1205,1,364000.0,320000000.0,2.1500000059605,4.0,14.0,0.0,0.0
1206,0,1320000.0,320000000.0,0.90000000596046,3.0,7.0,0.0,0.0
1207,2,14000.0,320000000.0,3.5,7.0,13.0,0.0,0.0
1208,1,300000.0,320000000.0,0.90000001341105,3.0,14.0,0.0,1.0
1209,1,770000.0,320000000.0,1.0,8.0,7.0,0.0,1.0
1210,1,738000.0,340000000.0,1.9000000357628,3.0,17.0,6.0,0.0
1211,1,456000.0,340000000.0,2.6000000834465,4.0,12.0,0.0,1.0
1212,2,1620000.0,340000000.0,4.0,8.0,12.0,0.0,1.0
1213,1,330000.0,340000000.0,3.0,4.0,14.0,0.0,1.0
1214,2,2620000.0,340000000.0,8.5,7.0,15.0,0.0,0.0
1215,3,20800000.0,340000000.0,26.0,26.0,37.0,6.0,0.0
1216,2,1180000.0,340000000.0,6.5,8.0,18.0,4.0,1.0
1217,1,920000.0,340000000.0,2.2000000625849,6.0,17.0,0.0,0.0
1218,1,20000.0,340000000.0,0.50000001490116,3.0,12.0,0.0,1.0
1219,2,200000.0,340000000.0,8.0,7.0,10.0,0.0,1.0
1220,1,1060000.0,340000000.0,1.5,2.0,8.0,0.0,1.0
1221,0,180000.0,340000000.0,1.5,7.0,5.0,0.0,1.0
1222,3,2580000.0,340000000.0,12.5,16.0,22.0,0.0,0.0
1223,2,6177000.0,340000000.0,3.8500000238418997,8.0,25.0,0.0,1.0
1224,1,480000.0,340000000.0,1.0,4.0,13.0,0.0,0.0
1225,3,1820000.0,340000000.0,10.0,17.0,16.0,0.0,1.0
1226,1,650000.0,340000000.0,1.75,4.0,14.0,0.0,1.0
1227,1,18000.0,340000000.0,1.5000000298023,10.0,10.0,0.0,1.0
1228,0,200000.0,340000000.0,0.25,2.0,4.0,0.0,1.0
1229,1,20000.0,340000000.0,1.9500000551343,10.0,20.0,7.0,1.0
1230,1,494000.0,340000000.0,2.5000000298022997,2.0,12.0,0.0,1.0
1231,1,80000.0,340000000.0,1.75,2.0,9.0,0.0,1.0
1232,2,926000.0,340000000.0,3.75,6.0,20.0,0.0,1.0
1233,1,1800000.0,340000000.0,2.0,4.0,9.0,0.0,1.0
1234,1,99000.0,340000000.0,2.5,5.0,16.0,0.0,0.0
1235,3,660000.0,340000000.0,10.5,21.0,14.0,14.0,1.0
1236,3,2040000.0,340000000.0,21.0,30.0,17.0,0.0,1.0
1237,2,830000.0,340000000.0,5.5,7.0,17.0,0.0,1.0
1238,1,3160000.0,340000000.0,1.25,3.0,9.0,7.0,1.0
1239,1,1288000.0,340000000.0,1.6500000208616001,5.0,18.0,0.0,1.0
1240,2,1490000.0,340000000.0,7.0,7.0,18.0,0.0,1.0
1241,2,780000.0,340000000.0,3.6000000536442,7.0,21.0,0.0,0.0
1242,1,600000.0,340000000.0,2.25,6.0,12.0,40.0,1.0
1243,1,290000.0,340000000.0,2.3000000119209,4.0,13.0,0.0,1.0
1244,1,194400.0,340000000.0,1.0,7.0,10.0,0.0,1.0
1245,3,3140000.0,340000000.0,5.1500000581145,12.0,26.0,0.0,1.0
1246,1,140000.0,340000000.0,1.8000000268221,4.0,13.0,0.0,1.0
1247,1,180000.0,340000000.0,3.1500000357628,3.0,23.0,0.0,1.0
1248,2,600000.0,340000000.0,3.0000000596046,6.0,13.0,0.0,1.0
1249,2,400000.0,340000000.0,2.6000000983477003,9.0,13.0,1.0,0.0
1250,1,40000.0,340000000.0,1.900000013411,7.0,12.0,0.0,1.0
1251,1,120000.0,340000000.0,1.5,9.0,9.0,0.0,1.0
1252,1,150000.0,340000000.0,2.4500000178814,6.0,11.0,3.0,1.0
1253,2,100000.0,340000000.0,4.0,6.0,12.0,0.0,1.0
1254,2,680000.0,340000000.0,10.5,5.0,17.0,0.0,1.0
1255,3,1470000.0,340000000.0,15.0,8.0,13.0,10.0,1.0
1256,1,90000.0,340000000.0,1.5,8.0,9.0,3.0,0.0
1257,0,20000.0,340000000.0,0.75,3.0,6.0,0.0,1.0
1258,2,568000.0,340000000.0,4.0,4.0,11.0,0.0,1.0
1259,2,660000.0,340000000.0,4.5,6.0,12.0,20.0,0.0
1260,2,48000.0,340000000.0,4.39999987185,4.0,11.0,0.0,1.0
1261,1,120000.0,340000000.0,1.3500000089407,2.0,10.0,0.0,1.0
1262,1,50000.0,340000000.0,2.0999999940395,5.0,18.0,0.0,1.0
1263,1,15000.0,340000000.0,2.5,4.0,11.0,0.0,1.0
1264,1,240000.0,340000000.0,1.75,5.0,9.0,0.0,1.0
1265,2,900000.0,340000000.0,6.5,7.0,19.0,0.0,0.0
1266,1,56000.0,340000000.0,1.0,3.0,14.0,0.0,1.0
1267,1,390000.0,340000000.0,3.125,3.0,30.0,0.0,1.0
1268,1,220000.0,340000000.0,1.0,4.0,16.0,0.0,1.0
1269,2,1114000.0,340000000.0,5.75,7.0,22.0,0.0,1.0
1270,2,9100000.0,340000000.0,6.5,7.0,29.0,50.0,1.0
1271,2,2260000.0,340000000.0,6.0,5.0,17.0,29.0,1.0
1272,2,800000.0,340000000.0,3.5,4.0,12.0,0.0,1.0
1273,1,144000.0,340000000.0,2.25,8.0,31.0,0.0,1.0
1274,2,535600.0,340000000.0,7.5,7.0,17.0,0.0,1.0
1275,1,600000.0,340000000.0,1.75,4.0,8.0,0.0,1.0
1276,2,1000000.0,340000000.0,3.75,7.0,29.0,0.0,0.0
1277,1,396000.0,340000000.0,2.5,4.0,10.0,0.0,1.0
1278,3,176000.0,340000000.0,3.0,15.0,26.0,0.0,1.0
1279,0,250000.0,340000000.0,2.0,2.0,4.0,0.0,1.0
1280,2,240000.0,340000000.0,6.5,6.0,10.0,0.0,1.0
1281,2,885000.0,340000000.0,3.0,6.0,7.0,0.0,1.0
1282,2,3700000.0,340000000.0,5.0,9.0,10.0,0.0,1.0
1283,0,100000.0,340000000.0,1.0,9.0,5.0,0.0,1.0
1284,3,2716000.0,340000000.0,16.240000009537,23.0,6.0,6.980124929017603,0.0
1285,1,110000.0,350000000.0,1.1000000163913002,5.0,12.0,0.0,0.8104109589041096
1286,1,230000.0,350000000.0,1.3699999973177999,3.0,10.0,0.0,1.0
1287,2,480000.0,350000000.0,2.5,11.0,7.0,28.0,1.0
1288,3,800000.0,350000000.0,7.5000000149012,11.0,19.0,2.0,1.0
1289,1,92000.0,350000000.0,1.8000000491738,6.0,9.0,0.0,1.0
1290,3,535000.0,350000000.0,2.0,18.0,13.0,5.0,1.0
1291,3,370000.0,350000000.0,3.25,13.0,14.0,8.0,1.0
1292,1,350000.0,350000000.0,0.90000001341105,5.0,11.0,0.0,1.0
1293,2,2566000.0,350000000.0,3.3000000268221004,9.0,15.0,15.0,1.0
1294,2,730000.0,350000000.0,5.9000000059605,8.0,17.0,0.0,1.0
1295,2,2332000.0,350000000.0,8.0000000149012,7.0,22.0,0.0,0.0
1296,1,35000.0,350000000.0,1.25,4.0,9.0,0.0,1.0
1297,1,84000.0,350000000.0,1.5,7.0,13.0,0.0,1.0
1298,1,320000.0,350000000.0,0.69999998807907,4.0,11.0,0.0,0.0
1299,1,98000.0,350000000.0,1.600000038743,5.0,10.0,0.0,0.0
1300,2,928000.0,350000000.0,6.0,8.0,12.0,5.0,1.0
1301,3,3720000.0,350000000.0,25.0,7.0,14.0,0.0,1.0
1302,1,500000.0,350000000.0,1.7399999946356002,6.0,11.0,0.0,1.0
1303,2,796000.0,350000000.0,6.0,6.0,15.0,0.0,0.0
1304,3,4089000.0,350000000.0,29.5,9.0,25.0,1.0,1.0
1305,3,4024000.0,350000000.0,27.0,15.0,18.0,0.0,1.0
1306,1,362000.0,350000000.0,2.2000000327826004,5.0,11.0,0.0,0.0
1307,1,160000.0,350000000.0,0.6000000089406999,2.0,9.0,0.0,1.0
1308,2,75000.0,350000000.0,3.2000001072884,5.0,13.0,14.0,1.0
1309,2,160000.0,350000000.0,2.5000000447035,10.0,18.0,11.0,1.0
1310,2,2720000.0,350000000.0,3.1000000238418997,10.0,15.0,0.0,1.0
1311,1,190000.0,350000000.0,1.1000000089407,9.0,11.0,0.0,0.0
1312,3,900400.0,350000000.0,2.5,16.0,19.0,0.0,0.0
1313,1,1196000.0,350000000.0,2.625,2.0,12.0,0.0,1.0
1314,2,902000.0,350000000.0,6.0,6.0,23.0,0.0,1.0
1315,2,330000.0,350000000.0,6.0,8.0,14.0,0.0,1.0
1316,2,12000.0,350000000.0,4.6199999973178,4.0,12.0,0.0,1.0
1317,1,210000.0,350000000.0,0.875,8.0,16.0,0.0,1.0
1318,1,220000.0,350000000.0,2.25,6.0,18.0,0.0,1.0
1319,2,360000.0,350000000.0,3.5,8.0,24.0,0.0,0.0
1320,1,20000.0,350000000.0,1.8599999919533998,5.0,13.0,0.0,1.0
1321,2,1180000.0,350000000.0,6.5,6.0,26.0,0.0,1.0
1322,1,840000.0,360000000.0,3.0,1.0,13.0,0.0,1.0
1323,2,710000.0,360000000.0,4.75,7.0,23.0,0.0,1.0
1324,1,36000.0,360000000.0,0.75,3.0,15.0,0.0,1.0
1325,2,432000.0,360000000.0,4.5,10.0,22.0,0.0,0.0
1326,3,1160000.0,360000000.0,4.75,12.0,24.0,0.0,1.0
1327,1,18000.0,360000000.0,1.5,3.0,16.0,16.0,1.0
1328,1,360000.0,360000000.0,2.0,8.0,12.0,0.0,1.0
1329,2,5440000.0,360000000.0,6.75,5.0,24.0,0.0,0.0
1330,2,85000.0,360000000.0,4.5,4.0,12.0,0.0,1.0
1331,3,1310000.0,360000000.0,7.0,22.0,16.0,0.0,1.0
1332,0,18000.0,360000000.0,0.90000000596046,6.0,6.0,0.0,0.0
1333,1,166000.0,360000000.0,1.8000000268221,3.0,10.0,0.0,1.0
1334,2,554000.0,360000000.0,7.3000000268221,7.0,28.0,0.0,1.0
1335,2,790000.0,360000000.0,4.75,7.0,20.0,0.0,1.0
1336,3,1478000.0,360000000.0,19.5,9.0,18.0,0.0,1.0
1337,2,340000.0,360000000.0,20.0,5.0,5.0,0.0,1.0
1338,0,60000.0,360000000.0,1.0,4.0,3.0,0.0,1.0
1339,2,24000.0,360000000.0,5.999999821186099,7.0,10.0,1.0,1.0
1340,2,360000.0,360000000.0,5.0,10.0,11.0,0.0,1.0
1341,0,110000.0,360000000.0,0.25,4.0,2.0,0.0,1.0
1342,2,80000.0,360000000.0,6.699999943375599,4.0,15.0,4.0,1.0
1343,0,70000.0,360000000.0,1.5,3.0,6.0,0.0,0.0
1344,1,302000.0,360000000.0,3.3999999761581003,3.0,14.0,2.0,1.0
1345,2,500000.0,360000000.0,3.9500000029802003,3.0,11.0,0.0,1.0
1346,1,20000.0,360000000.0,1.9000000059605,2.0,12.0,0.0,1.0
1347,1,135000.0,360000000.0,0.6500000134110501,3.0,10.0,0.0,1.0
1348,1,40000.0,360000000.0,3.5459534414117733,4.0,8.0,0.0,1.0
1349,1,272000.0,360000000.0,1.5500000268221,7.0,7.0,0.0,0.0
1350,1,608000.0,360000000.0,3.1000000536442,5.0,14.0,0.0,1.0
1351,2,4520000.0,360000000.0,6.0,5.0,5.0,0.0,1.0
1352,1,550000.0,360000000.0,1.7000000029802,8.0,8.0,3.0,1.0
1353,0,100000.0,360000000.0,3.0,0.0,4.0,0.0,1.0
1354,0,120000.0,360000000.0,1.0,4.0,4.0,0.0,0.0
1355,0,60000.0,360000000.0,2.0,2.0,4.0,0.0,1.0
1356,2,1080000.0,360000000.0,10.20000000298,8.0,8.0,5.0,0.0
1357,0,348000.0,360000000.0,0.5,4.0,6.0,0.0,1.0
1358,0,55000.0,360000000.0,2.5,6.0,5.0,0.0,1.0
1359,0,100000.0,360000000.0,0.6000000089406999,1.0,3.0,0.0,1.0
1360,1,844000.0,360000000.0,1.6800000071526,6.0,11.0,23.0,1.0
1361,0,10000.0,360000000.0,0.5,3.0,2.0,6.980124929017603,1.0
1362,1,150000.0,360000000.0,1.8400000035763002,3.0,8.0,6.980124929017603,0.0
1363,0,49000.0,360000000.0,3.5459534414117733,5.0,5.0,6.980124929017603,1.0
1364,0,270000.0,360000000.0,0.75,3.0,5.0,0.0,0.0
1365,2,80000.0,360000000.0,5.0,7.0,11.0,12.0,1.0
1366,2,7500.0,360000000.0,6.0,7.0,16.0,0.0,1.0
1367,1,72000.0,360000000.0,2.3000000193715002,8.0,13.0,0.0,0.0
1368,1,160000.0,360000000.0,2.5,5.0,10.0,7.0,1.0
1369,2,596000.0,360000000.0,3.7000000178814,2.0,16.0,2.0,0.0
1370,0,300000.0,360000000.0,1.0000000298023,6.0,5.0,0.0,1.0
1371,2,150000.0,360000000.0,2.75,9.0,11.0,0.0,1.0
1372,1,540000.0,360000000.0,2.8000000119208996,6.0,12.0,0.0,1.0
1373,3,480000.0,360000000.0,3.0,15.0,3.0,14.0,0.0
1374,0,3000000.0,360000000.0,0.25,12.0,2.0,15.0,0.0
1375,0,125000.0,360000000.0,1.0,4.0,7.0,4.0,1.0
1376,1,70000.0,360000000.0,2.0,0.0,11.0,36.0,1.0
1377,2,66000.0,360000000.0,4.0,4.0,8.0,4.0,1.0
1378,1,70000.0,360000000.0,0.5,3.0,10.0,0.0,0.0
1379,0,180000.0,360000000.0,1.5,2.0,6.0,0.0,1.0
1380,3,1480000.0,360000000.0,4.0000000223517,12.0,14.0,51.0,1.0
1381,1,140000.0,360000000.0,2.75,4.0,10.0,6.0,1.0
1382,2,170000.0,360000000.0,4.0,5.0,8.0,15.0,0.0
1383,0,50000.0,360000000.0,0.9500000141561,0.0,8.0,0.0,1.0
1384,2,1380000.0,360000000.0,9.0,7.0,15.0,12.0,0.0
1385,3,45000.0,370000000.0,3.0,14.0,8.0,110.0,1.0
1386,2,50000.0,370000000.0,3.25,10.0,8.0,0.0,0.0
1387,0,70000.0,370000000.0,4.0,4.0,3.0,0.0,1.0
1388,2,84000.0,370000000.0,5.0,8.0,9.0,6.980124929017603,1.0
1389,0,50000.0,370000000.0,0.75,1.0,3.0,0.0,1.0
1390,0,98000.0,370000000.0,2.0,3.0,4.0,0.0,1.0
1391,0,352000.0,370000000.0,1.75,8.0,4.0,12.0,1.0
1392,1,100000.0,370000000.0,2.3000000007451002,6.0,8.0,0.0,1.0
1393,2,165000.0,370000000.0,4.2500000074506,6.0,15.0,22.0,1.0
1394,0,180000.0,370000000.0,0.75,1.0,5.0,12.0,1.0
1395,3,640000.0,370000000.0,7.5,10.0,17.0,18.0,1.0
1396,3,130000.0,370000000.0,6.000000029802299,12.0,15.0,0.0,1.0
1397,3,740000.0,370000000.0,6.500000029802299,16.0,17.0,22.0,1.0
1398,1,50000.0,370000000.0,2.7750000357628,4.0,14.0,0.0,1.0
1399,1,60000.0,370000000.0,2.8000000268221004,4.0,10.0,0.0,1.0
1400,1,90000.0,370000000.0,0.50000000745058,6.0,10.0,0.0,1.0
1401,0,40000.0,370000000.0,1.2000000476837,2.0,1.0,6.980124929017603,1.0
1402,3,230000.0,370000000.0,13.0,11.0,8.0,0.0,0.0
1403,0,440000.0,370000000.0,4.0,1.0,4.0,0.0,0.0
1404,0,80000.0,370000000.0,2.0,3.0,3.0,6.980124929017603,1.0
1405,2,32400.0,370000000.0,5.0,2.0,7.0,0.0,1.0
1406,2,60000.0,370000000.0,3.75,6.0,13.0,0.0,0.0
1407,2,165000.0,370000000.0,4.0,5.0,11.0,3.0,1.0
1408,2,200000.0,370000000.0,4.0,8.0,9.0,21.0,0.0
1409,0,7500.0,370000000.0,3.5459534414117733,2.0,2.0,6.980124929017603,0.0
1410,1,15000.0,370000000.0,1.0000000149011998,5.0,8.0,0.0,1.0
1411,2,200000.0,370000000.0,5.0,5.0,9.0,0.0,0.0
1412,0,220000.0,370000000.0,2.0,7.0,4.0,6.980124929017603,1.0
1413,1,650000.0,370000000.0,3.0,5.0,7.0,0.0,0.0
1414,2,10000.0,370000000.0,4.0,6.0,4.0,6.980124929017603,1.0
1415,2,6000.0,370000000.0,4.0,5.0,4.0,4.0,1.0
1416,0,400000.0,370000000.0,2.5,5.0,3.0,7.0,1.0
1417,0,540000.0,370000000.0,2.0,2.0,3.0,0.0,1.0
1418,1,24000.0,370000000.0,1.25,4.0,9.0,0.0,1.0
1419,1,96000.0,370000000.0,2.2000000029802003,5.0,12.0,0.0,1.0
1420,1,424000.0,370000000.0,1.0,6.0,8.0,0.0,0.0
1421,0,200.0,370000000.0,1.0,3.0,7.0,4.0,0.0
1422,0,70000.0,370000000.0,1.3000000119208999,4.0,7.0,0.0,1.0
1423,1,6000.0,370000000.0,1.25,4.0,8.0,0.0,1.0
1424,1,220000.0,370000000.0,1.5,6.0,8.0,0.0,1.0
1425,0,90000.0,370000000.0,0.5,6.0,4.0,0.0,0.0
1426,3,490000.0,370000000.0,12.0,13.0,14.0,8.0,1.0
1427,1,151100.0,370000000.0,0.875,3.0,10.0,6.0,1.0
1428,0,100000.0,370000000.0,3.0,3.0,4.0,0.0,1.0
1429,3,308000.0,370000000.0,7.5,10.0,9.0,0.0,1.0
1430,0,36000.0,370000000.0,1.0,3.0,2.0,6.980124929017603,1.0
1431,1,2401200.0,370000000.0,2.0,8.0,9.0,2.0,0.0
1432,2,11100.0,370000000.0,5.500000007450599,4.0,14.0,0.0,0.0
1433,3,800000.0,370000000.0,6.5,12.0,10.0,0.0,1.0
1434,2,3260000.0,370000000.0,6.75,6.0,19.0,27.0,0.0
1435,0,28800.0,370000000.0,0.625,1.0,8.0,0.0,1.0
1436,1,340000.0,370000000.0,2.4500000402331,7.0,17.0,0.0,0.0
1437,0,116000.0,370000000.0,1.3500000238418999,3.0,7.0,0.0,1.0
1438,2,60000.0,370000000.0,3.75,10.0,12.0,16.0,1.0
1439,1,180000.0,380000000.0,1.3500000089407,3.0,12.0,0.0,1.0
1440,3,1370000.0,380000000.0,8.0,11.0,31.0,30.0,1.0
1441,1,62000.0,380000000.0,3.25,4.0,16.0,0.0,1.0
1442,0,3720000.0,380000000.0,2.200000077486,0.0,6.0,0.0,1.0
1443,1,474000.0,380000000.0,1.2000000029801998,6.0,7.0,0.0,1.0
1444,1,340000.0,380000000.0,2.5,3.0,9.0,4.0,0.0
1445,1,268000.0,380000000.0,2.0,7.0,10.0,0.0,1.0
1446,3,1956000.0,380000000.0,7.5,10.0,23.0,47.0,0.0
1447,2,944000.0,380000000.0,4.0,5.0,7.0,6.0,0.0
1448,1,62000.0,380000000.0,1.9899999946356002,6.0,13.0,0.0,1.0
1449,3,907400.0,380000000.0,9.5,9.0,16.0,47.0,0.0
1450,2,107000.0,380000000.0,4.5,7.0,12.0,54.0,0.0
1451,2,30000.0,380000000.0,3.25,5.0,9.0,0.0,1.0
1452,0,159000.0,380000000.0,2.5,3.0,6.0,0.0,1.0
1453,2,480800.0,380000000.0,5.25,7.0,14.0,64.0,1.0
1454,2,1657000.0,380000000.0,3.5459534414117733,9.0,6.0,13.0,0.0
1455,2,1680000.0,380000000.0,5.5,3.0,4.0,7.0,1.0
1456,2,480000.0,380000000.0,4.1000000536442,6.0,12.0,0.0,1.0
1457,0,200000.0,380000000.0,2.25,1.0,6.0,0.0,1.0
1458,3,100000.0,380000000.0,10.0,12.0,7.0,0.0,1.0
1459,0,200000.0,380000000.0,2.0,6.0,3.0,0.0,1.0
1460,1,370000.0,380000000.0,3.0,3.0,8.0,0.0,1.0
1461,2,80000.0,380000000.0,5.75,7.0,8.0,0.0,1.0
1462,1,6000.0,380000000.0,2.0,6.0,11.0,0.0,1.0
1463,2,50000.0,380000000.0,5.1599999070168,3.0,7.0,0.0,1.0
1464,1,50000.0,380000000.0,2.2999999523162997,5.0,7.0,0.0,1.0
1465,0,54000.0,380000000.0,1.5,3.0,4.0,0.0,1.0
1466,1,860000.0,380000000.0,1.75,10.0,11.0,27.0,0.0
1467,1,24000.0,380000000.0,0.75000000372529,4.0,9.0,26.0,1.0
1468,1,220000.0,380000000.0,2.2500000074506,4.0,11.0,0.0,1.0
1469,0,27000.0,380000000.0,0.61999999731779,3.0,5.0,0.0,1.0
1470,1,30100.0,380000000.0,1.0,5.0,8.0,0.0,1.0
1471,0,31600.0,380000000.0,0.5,2.0,5.0,0.0,1.0
1472,1,1940000.0,380000000.0,2.75,3.0,13.0,20.0,1.0
1473,0,4000.0,380000000.0,0.90000001341105,6.0,4.0,6.980124929017603,0.0
1474,2,8400.0,380000000.0,3.25,4.0,9.0,4.0,1.0
1475,1,10000.0,380000000.0,2.5000000447035,2.0,9.0,0.0,1.0
1476,2,150000.0,380000000.0,3.0,6.0,9.0,0.0,1.0
1477,3,435000.0,380000000.0,55.25,7.0,21.0,10.0,0.0
1478,2,220000.0,380000000.0,5.0,10.0,9.0,0.0,1.0
1479,3,1260000.0,380000000.0,16.0,7.0,18.0,33.0,1.0
1480,0,25000.0,380000000.0,0.5,2.0,3.0,0.0,1.0
1481,1,60000.0,380000000.0,2.0,2.0,7.0,0.0,0.0
1482,2,1105000.0,380000000.0,3.9500000029802003,7.0,8.0,0.0,1.0
1483,2,25000.0,380000000.0,3.5,9.0,12.0,0.0,1.0
1484,0,50000.0,380000000.0,1.0,3.0,6.0,0.0,1.0
1485,0,2200000.0,380000000.0,3.0,6.0,4.0,51.0,0.0
1486,2,1000000.0,380000000.0,4.0,8.0,8.0,14.0,1.0
1487,2,820000.0,380000000.0,6.0,8.0,7.0,0.0,1.0
1488,1,82500.0,380000000.0,2.0000000596046,3.0,7.0,0.0,1.0
1489,2,2100000.0,380000000.0,6.5,8.0,13.0,17.0,0.0
1490,2,290000.0,380000000.0,3.75,6.0,10.0,7.0,1.0
1491,1,300000.0,380000000.0,1.75,4.0,9.0,0.0,0.0
1492,2,3610000.0,380000000.0,3.5,8.0,10.0,50.0,1.0
1493,1,170000.0,380000000.0,2.0,2.0,7.0,0.0,0.0
1494,2,1490000.0,380000000.0,2.8000000007451002,7.0,9.0,9.0,1.0
1495,1,680000.0,380000000.0,3.2000000029802003,3.0,8.0,0.0,1.0
1496,3,6775000.0,380000000.0,11.0,14.0,18.0,16.0,1.0
1497,2,4684800.0,380000000.0,6.0000000149012,6.0,15.0,81.0,1.0
1498,0,250000.0,380000000.0,3.3000000715256,2.0,5.0,6.980124929017603,1.0
1499,2,85000.0,380000000.0,3.6999999880791004,3.0,7.0,0.0,1.0
1500,0,6000.0,380000000.0,1.3000000193715,5.0,4.0,6.980124929017603,0.0
1501,2,1332000.0,380000000.0,12.125,5.0,9.0,0.0,0.0
1502,2,580000.0,380000000.0,9.0,5.0,19.0,33.0,1.0
1503,0,530000.0,380000000.0,2.5,7.0,5.0,5.0,1.0
1504,1,70000.0,380000000.0,1.8500000163913,4.0,8.0,6.980124929017603,1.0
1505,1,80000.0,380000000.0,3.4500000029802003,0.0,11.0,0.0,1.0
1506,0,562500.0,380000000.0,1.0,2.0,3.0,12.0,0.0
1507,0,703200.0,380000000.0,0.90000000596046,2.0,5.0,22.0,1.0
1508,1,100000.0,380000000.0,1.5,4.0,8.0,0.0,1.0
1509,0,432000.0,380000000.0,3.0,5.0,3.0,36.0,1.0
1510,0,400000.0,380000000.0,0.5,3.0,4.0,0.0,1.0
1511,2,105000.0,380000000.0,5.0,3.0,7.0,54.0,1.0
1512,2,360000.0,380000000.0,3.6999999880791004,2.0,7.0,5.0,1.0
1513,0,120000.0,380000000.0,2.5,3.0,4.0,0.0,1.0
1514,1,600000.0,380000000.0,2.0999999940395,4.0,7.0,1.0,0.0
1515,0,48000.0,380000000.0,2.6599999666214,5.0,5.0,0.0,0.0
1516,2,861400.0,380000000.0,2.75,10.0,10.0,5.0,1.0
1517,0,100000.0,380000000.0,0.5,1.0,5.0,0.0,1.0
1518,2,90000.0,380000000.0,3.5,7.0,6.0,0.0,0.0
1519,0,22500.0,380000000.0,0.75,4.0,5.0,0.0,1.0
1520,0,40000.0,380000000.0,1.3000000119208999,4.0,3.0,1.0,1.0
1521,1,4000.0,390000000.0,0.97499998658895,2.0,22.0,0.0,1.0
1522,1,288000.0,390000000.0,1.3600000143051,4.0,11.0,26.0,1.0
1523,1,196000.0,390000000.0,1.0400000214576999,8.0,8.0,20.0,0.0
1524,1,30000.0,390000000.0,1.0,4.0,11.0,9.0,0.0
1525,1,442000.0,390000000.0,2.1000000089407,7.0,9.0,70.0,0.0
1526,1,105000.0,390000000.0,2.5,7.0,11.0,2.0,1.0
1527,0,1600000.0,390000000.0,0.5,10.0,6.0,0.0,0.0
1528,0,140000.0,390000000.0,0.6000000089406999,1.0,8.0,11.0,0.0
1529,0,74000.0,390000000.0,1.1199999898672,4.0,6.0,0.0,1.0
1530,1,50000.0,390000000.0,1.25,1.0,10.0,0.0,0.0
1531,1,37000.0,390000000.0,2.0,2.0,8.0,1.0,0.0
1532,1,216000.0,390000000.0,1.75,11.0,12.0,4.0,1.0
1533,0,18000.0,390000000.0,1.0,5.0,3.0,4.0,1.0
1534,2,2400000.0,390000000.0,3.5,10.0,4.0,10.0,1.0
1535,0,8000.0,390000000.0,0.40000000596046,2.0,6.0,0.0,0.0
1536,1,60000.0,390000000.0,1.2199999997392,6.0,25.0,14.0,0.0
1537,1,120000.0,390000000.0,2.9899999946355997,5.0,34.0,18.0,1.0
1538,1,332000.0,390000000.0,1.9200000315905,5.0,18.0,0.0,1.0
1539,1,111000.0,390000000.0,2.0250000059605,2.0,22.0,3.0,1.0
1540,2,1100000.0,390000000.0,3.5,10.0,17.0,0.0,0.0
1541,1,216000.0,390000000.0,3.1299999952316,4.0,17.0,10.0,1.0
1542,2,15000.0,390000000.0,6.5,10.0,8.0,11.0,1.0
1543,1,158000.0,390000000.0,2.6800000071526,6.0,11.0,0.0,1.0
1544,1,20000.0,390000000.0,1.0999999996275,6.0,17.0,13.0,1.0
1545,1,80000.0,390000000.0,1.75,9.0,8.0,7.0,1.0
1546,1,15000.0,390000000.0,0.98999999836087,5.0,13.0,0.0,1.0
1547,0,377000.0,390000000.0,1.5,2.0,7.0,0.0,1.0
1548,2,280000.0,390000000.0,5.5,4.0,10.0,0.0,1.0
1549,1,60000.0,390000000.0,2.5,6.0,8.0,5.0,1.0
1550,1,168000.0,390000000.0,1.3499999940395,4.0,12.0,4.0,1.0
1551,1,70000.0,390000000.0,2.0,3.0,7.0,0.0,1.0
1552,0,32000.0,390000000.0,0.11999999731779,1.0,6.0,6.0,1.0
1553,2,56000.0,390000000.0,4.5999999940395,7.0,6.0,0.0,1.0
1554,2,249400.0,390000000.0,3.5,7.0,6.0,0.0,1.0
1555,0,140000.0,390000000.0,2.25,2.0,6.0,0.0,1.0
1556,0,3000.0,390000000.0,3.0000000149012,5.0,3.0,0.0,1.0
1557,2,60000.0,390000000.0,4.75,3.0,9.0,10.0,1.0
1558,0,28000.0,390000000.0,0.5,3.0,3.0,4.0,1.0
1559,2,20000.0,390000000.0,4.3000000119209,11.0,7.0,0.0,1.0
1560,1,572000.0,390000000.0,2.2000000029802003,6.0,7.0,0.0,1.0
1561,3,564000.0,390000000.0,14.0,13.0,14.0,6.980124929017603,0.0
1562,2,300000.0,400000000.0,3.7080000638962,10.0,6.0,60.0,1.0
1563,0,22000.0,400000000.0,1.5,1.0,2.0,6.980124929017603,1.0
1564,2,80000.0,400000000.0,4.0,4.0,9.0,9.0,1.0
1565,0,169500.0,400000000.0,0.89999997615814,3.0,2.0,0.0,1.0
1566,2,438000.0,400000000.0,4.75,10.0,13.0,26.0,1.0
1567,0,300000.0,400000000.0,2.0,3.0,4.0,0.0,1.0
1568,1,472000.0,400000000.0,2.8000000119208996,5.0,8.0,21.0,1.0
1569,2,180000.0,400000000.0,3.0999999940394996,6.0,11.0,27.0,1.0
1570,0,80000.0,400000000.0,2.5,4.0,6.0,3.0,0.0
1571,0,540000.0,400000000.0,0.90999999642372,6.0,5.0,0.0,1.0
1572,1,96000.0,400000000.0,1.125,9.0,9.0,0.0,1.0
1573,0,140000.0,400000000.0,0.5,6.0,7.0,0.0,1.0
1574,3,600000.0,400000000.0,3.6800000071526004,15.0,11.0,0.0,1.0
1575,1,96000.0,400000000.0,1.6100000143051,4.0,10.0,0.0,1.0
1576,1,224000.0,400000000.0,1.8799999952316,5.0,12.0,4.0,1.0
1577,1,24000.0,400000000.0,1.75,3.0,12.0,0.0,1.0
1578,2,220000.0,400000000.0,2.8700000047684,8.0,13.0,0.0,1.0
1579,1,32000.0,400000000.0,0.59000001102686,8.0,9.0,1.0,0.0
1580,1,400000.0,400000000.0,1.7400000095366999,4.0,12.0,0.0,1.0
1581,1,66000.0,400000000.0,0.75,3.0,15.0,5.0,0.0
1582,1,208000.0,400000000.0,1.3600000143051,4.0,9.0,17.0,0.0
1583,1,34000.0,400000000.0,0.40000000596046,3.0,18.0,0.0,1.0
1584,1,32000.0,400000000.0,0.54000000655651,5.0,8.0,0.0,1.0
1585,1,24000.0,400000000.0,1.25,6.0,16.0,14.0,0.0
1586,1,80000.0,400000000.0,1.7999999821186,10.0,31.0,14.0,0.0
1587,2,244000.0,400000000.0,6.3499999940395,5.0,12.0,10.0,1.0
1588,2,80000.0,400000000.0,3.5,12.0,7.0,23.0,0.0
1589,0,56000.0,400000000.0,3.0,5.0,5.0,0.0,1.0
1590,0,4300.0,400000000.0,2.3999999761581,2.0,4.0,6.980124929017603,1.0
1591,0,45000.0,400000000.0,3.0,4.0,4.0,0.0,0.0
1592,2,3080000.0,400000000.0,7.8499999940395,8.0,7.0,19.0,1.0
1593,2,704000.0,400000000.0,5.8600000143051,7.0,7.0,20.0,0.0
1594,0,48000.0,400000000.0,2.0,2.0,3.0,0.0,1.0
1595,2,40000.0,400000000.0,4.0,5.8667763157894735,5.0,5.0,1.0
1596,0,14500.0,400000000.0,2.0,1.0,5.0,0.0,1.0
1597,2,86000.0,400000000.0,5.600000001490099,3.0,6.0,0.0,1.0
1598,0,36000.0,400000000.0,3.0,2.0,6.0,16.0,1.0
1599,2,274000.0,400000000.0,6.0,2.0,3.0,1.0,0.0
1600,0,68000.0,400000000.0,3.0,5.0,5.0,6.0,1.0
1601,1,47000.0,400000000.0,2.0,10.0,7.0,36.0,1.0
1602,0,84000.0,400000000.0,2.0,4.0,6.0,0.0,1.0
1603,0,480000.0,400000000.0,1.5,3.0,3.0,10.0,1.0
1604,2,144000.0,400000000.0,3.75,2.0,9.0,30.0,0.0
1605,1,2000.0,400000000.0,1.9999999701977,6.0,7.0,5.0,1.0
1606,1,24000.0,400000000.0,1.75,4.0,7.0,0.0,1.0
1607,0,24000.0,400000000.0,3.6000000238418997,6.0,3.0,6.980124929017603,1.0
1608,2,88000.0,400000000.0,8.139999985694901,4.0,7.0,0.0,1.0
1609,2,672000.0,400000000.0,2.0,14.0,6.0,8.0,1.0
1610,1,15000.0,400000000.0,2.5999999642372003,3.0,7.0,0.0,1.0
1611,0,30000.0,400000000.0,3.5,6.0,4.0,0.0,1.0
1612,0,360000.0,400000000.0,2.0,6.0,5.0,2.0,1.0
1613,0,649000.0,400000000.0,1.5,3.0,5.0,0.0,1.0
1614,2,285000.0,400000000.0,4.0,5.0,5.0,0.0,1.0
1615,0,15000.0,400000000.0,1.1000000238418999,2.0,2.0,0.0,0.0
1616,0,31000.0,400000000.0,2.6499999761581,2.0,5.0,0.0,1.0
1617,1,1732000.0,400000000.0,2.4499999880791,3.0,8.0,0.0,1.0
1618,2,22800.0,400000000.0,3.7999999821186,3.0,9.0,0.0,1.0
1619,1,56000.0,400000000.0,2.8499999642372,2.0,13.0,0.0,1.0
1620,2,145000.0,400000000.0,4.6000000238419005,9.0,9.0,16.0,1.0
1621,2,95000.0,400000000.0,6.0,6.0,7.0,5.0,1.0
1622,0,42000.0,400000000.0,3.1999999880791004,3.0,5.0,50.0,1.0
1623,2,1470000.0,400000000.0,4.5,5.0,9.0,0.0,1.0
1624,2,1000000.0,400000000.0,3.5,8.0,9.0,137.0,1.0
1625,1,264000.0,400000000.0,1.8999999761581001,3.0,7.0,60.0,1.0
1626,0,15000.0,400000000.0,2.0,4.0,2.0,0.0,1.0
1627,0,15000.0,400000000.0,1.1499999761581001,2.0,4.0,0.0,1.0
1628,0,500000.0,400000000.0,2.5,2.0,5.0,0.0,1.0
1629,2,1542000.0,400000000.0,5.299999952316299,7.0,6.0,33.0,1.0
1630,2,1320000.0,400000000.0,5.0,7.0,6.0,1.0,1.0
1631,0,660000.0,400000000.0,2.0,2.0,5.0,0.0,1.0
1632,0,16000.0,400000000.0,3.0400000214577,3.0,4.0,3.0,1.0
1633,3,1568000.0,400000000.0,11.5,10.0,14.0,81.0,1.0
1634,0,125000.0,400000000.0,3.0000000298022997,6.0,4.0,6.980124929017603,1.0
1635,3,1720000.0,400000000.0,16.299999952316,14.0,15.0,35.0,1.0
1636,2,188000.0,400000000.0,5.200000047683701,8.0,8.0,0.0,1.0
1637,1,100000.0,400000000.0,2.4500000476837003,4.0,9.0,1.0,1.0
1638,0,15000.0,400000000.0,2.5,6.0,5.0,6.980124929017603,1.0
1639,0,15000.0,400000000.0,3.0,3.0,3.0,6.980124929017603,1.0
1640,2,127000.0,400000000.0,5.0,6.0,7.0,11.0,0.0
1641,2,271200.0,400000000.0,5.3000000119209005,5.0,11.0,96.0,1.0
1642,0,6300.0,410000000.0,1.75,4.0,6.0,0.0,1.0
1643,1,28000.0,410000000.0,1.25,6.0,7.0,0.0,0.0
1644,0,50000.0,410000000.0,0.36000001430510997,2.0,3.0,0.0,0.0
1645,0,93000.0,410000000.0,0.75,6.0,7.0,24.0,0.0
1646,1,120000.0,410000000.0,0.50000000745058,2.0,11.0,3.0,1.0
1647,0,30000.0,410000000.0,0.050000000745059996,2.0,4.0,0.0,0.0
1648,1,80000.0,410000000.0,1.3000000193715,4.0,12.0,24.0,1.0
1649,2,932000.0,410000000.0,2.7499999701977003,10.0,14.0,20.0,1.0
1650,0,50000.0,410000000.0,0.20000000298023,1.0,6.0,0.0,1.0
1651,1,178000.0,410000000.0,0.26000000163913,3.0,12.0,40.0,1.0
1652,1,1472000.0,410000000.0,2.7000000625848997,5.0,15.0,6.0,1.0
1653,1,280000.0,410000000.0,1.7000000178814,9.0,13.0,0.0,1.0
1654,1,15000.0,410000000.0,1.8000000268221,2.0,9.0,3.0,1.0
1655,2,270000.0,410000000.0,4.0,4.0,6.0,0.0,1.0
1656,1,1565000.0,410000000.0,2.4499999880791,4.0,12.0,0.0,1.0
1657,0,700000.0,410000000.0,2.0,3.0,4.0,0.0,1.0
1658,2,2540000.0,410000000.0,5.0,4.0,12.0,0.0,1.0
1659,1,30000.0,410000000.0,2.7500000074506,7.0,11.0,0.0,1.0
1660,2,3160000.0,410000000.0,6.0,6.0,11.0,0.0,1.0
1661,2,900000.0,410000000.0,4.0,6.0,4.0,0.0,1.0
1662,1,21000.0,410000000.0,0.70000001788139,2.0,10.0,0.0,1.0
1663,2,1610000.0,410000000.0,4.75,7.0,16.0,0.0,1.0
1664,2,2260000.0,410000000.0,2.25,12.0,8.0,0.0,1.0
1665,1,896000.0,410000000.0,2.75,7.0,14.0,0.0,1.0
1666,0,1200000.0,410000000.0,1.0,4.0,7.0,0.0,1.0
1667,1,94000.0,410000000.0,0.80000001192093,2.0,8.0,0.0,1.0
1668,1,912000.0,410000000.0,2.7000000253320002,5.0,13.0,0.0,0.0
1669,2,600000.0,410000000.0,4.4500000029802,3.0,15.0,0.0,1.0
1670,1,240000.0,410000000.0,1.5000000149011998,5.0,10.0,0.0,1.0
1671,2,1880000.0,410000000.0,4.0,7.0,9.0,7.0,1.0
1672,0,540000.0,410000000.0,2.5,3.0,6.0,0.0,1.0
1673,0,200000.0,410000000.0,0.75,4.0,4.0,0.0,1.0
1674,1,180000.0,410000000.0,1.5,6.0,9.0,0.0,1.0
1675,0,700000.0,410000000.0,1.9000000059605,5.0,6.0,0.0,1.0
1676,2,1097000.0,410000000.0,12.5,3.0,14.0,0.0,1.0
1677,2,1200000.0,410000000.0,6.0,3.0,12.0,51.0,1.0
1678,2,480000.0,410000000.0,12.0,3.0,14.0,0.0,1.0
1679,2,1850000.0,410000000.0,5.0,5.0,6.0,0.0,1.0
1680,0,360000.0,410000000.0,3.0,4.0,6.0,0.0,0.0
1681,2,4100000.0,410000000.0,4.0,11.0,8.0,0.0,0.0
1682,1,480000.0,410000000.0,1.75,4.0,8.0,0.0,1.0
1683,1,350000.0,410000000.0,3.0,4.0,10.0,0.0,1.0
1684,2,307000.0,410000000.0,5.0,4.0,7.0,0.0,1.0
1685,0,650000.0,410000000.0,0.0,4.0,4.0,0.0,1.0
1686,0,120000.0,410000000.0,2.0,3.0,2.0,30.0,1.0
1687,0,2000000.0,410000000.0,2.0,3.0,5.0,38.0,1.0
1688,0,204000.0,410000000.0,2.0,4.0,3.0,0.0,1.0
1689,0,24000.0,410000000.0,0.5,1.0,3.0,0.0,0.0
1690,0,330000.0,410000000.0,0.40000000596046,4.0,7.0,20.0,0.0
1691,1,160000.0,410000000.0,1.8000000417233,5.0,10.0,0.0,1.0
1692,0,18000.0,410000000.0,0.49000000208615996,3.0,7.0,12.0,1.0
1693,1,120000.0,410000000.0,1.8999999910593,4.0,11.0,0.0,1.0
1694,1,92000.0,410000000.0,1.1000000238418999,6.0,10.0,5.0,1.0
1695,1,72000.0,410000000.0,2.100000038743,7.0,11.0,0.0,0.0
1696,0,40000.0,410000000.0,0.0,2.0,4.0,0.0,1.0
1697,0,120000.0,410000000.0,0.5,2.0,2.0,3.0,1.0
1698,0,420000.0,410000000.0,1.1500000059605,4.0,6.0,6.0,1.0
1699,1,100000.0,410000000.0,1.4000000357628,2.0,8.0,4.0,0.0
1700,0,50000.0,410000000.0,0.10000000149011999,2.0,3.0,0.0,1.0
1701,0,70000.0,410000000.0,1.5,1.0,3.0,2.0,0.0
1702,0,430000.0,410000000.0,0.40000001341105,2.0,3.0,0.0,1.0
1703,0,260000.0,410000000.0,0.40000000596046,3.0,4.0,0.0,1.0
1704,0,50000.0,410000000.0,0.30000001192093,3.0,2.0,0.0,1.0
1705,0,60000.0,420000000.0,0.40000000596046,5.0,4.0,0.0,1.0
1706,1,652000.0,420000000.0,1.9500000067054999,3.0,13.0,0.0,0.0
1707,3,6180000.0,420000000.0,8.0,16.0,9.0,22.0,1.0
1708,0,300000.0,420000000.0,0.75,6.0,5.0,0.0,1.0
1709,1,1760000.0,420000000.0,1.8000000119209,2.0,15.0,34.0,0.0
1710,2,2400000.0,420000000.0,4.0,4.0,8.0,0.0,1.0
1711,0,600000.0,420000000.0,1.0,4.0,4.0,0.0,1.0
1712,2,1500000.0,420000000.0,9.0,6.0,10.0,0.0,1.0
1713,1,300000.0,420000000.0,1.0000000298023,4.0,11.0,0.0,1.0
1714,1,280000.0,420000000.0,1.2000000178813999,3.0,9.0,0.0,1.0
1715,3,2800000.0,420000000.0,5.5,12.0,12.0,141.0,1.0
1716,0,180000.0,420000000.0,2.4000000953674,2.0,6.0,0.0,1.0
1717,0,600000.0,420000000.0,0.80000001192093,1.0,3.0,28.0,1.0
1718,1,148000.0,420000000.0,1.8000000268221,3.0,13.0,0.0,1.0
1719,1,160000.0,420000000.0,1.1500000208616001,3.0,9.0,0.0,1.0
1720,1,570000.0,420000000.0,0.6000000089406999,3.0,11.0,0.0,1.0
1721,2,260000.0,420000000.0,4.0,9.0,13.0,21.0,0.0
1722,1,30000.0,420000000.0,0.70000001043081,3.0,11.0,22.0,1.0
1723,1,236000.0,420000000.0,1.9000000059605,6.0,16.0,41.0,1.0
1724,1,600000.0,420000000.0,1.1500000059605,7.0,12.0,29.0,1.0
1725,1,30000.0,420000000.0,2.0,1.0,11.0,7.0,1.0
1726,2,92000.0,420000000.0,4.2000000029802,2.0,12.0,0.0,1.0
1727,1,240000.0,420000000.0,2.5,3.0,8.0,0.0,0.0
1728,2,700000.0,420000000.0,6.6999999135733,3.0,16.0,0.0,1.0
1729,1,240000.0,420000000.0,1.0,4.0,9.0,0.0,1.0
1730,2,80000.0,420000000.0,4.699999935925,5.0,17.0,0.0,1.0
1731,1,444000.0,420000000.0,1.900000013411,2.0,11.0,27.0,1.0
1732,1,30000.0,420000000.0,1.1000000238418999,3.0,11.0,0.0,1.0
1733,2,110000.0,420000000.0,3.5,5.0,9.0,18.0,1.0
1734,1,84000.0,420000000.0,1.3000000417233,6.0,16.0,94.0,1.0
1735,2,20000.0,420000000.0,3.3000000491738,6.0,7.0,0.0,1.0
1736,1,36000.0,420000000.0,0.8500000089407,2.0,10.0,0.0,1.0
1737,2,720000.0,420000000.0,3.8000000119208996,8.0,9.0,18.0,1.0
1738,2,1200000.0,420000000.0,4.1000000536442,5.0,7.0,0.0,1.0
1739,2,459500.0,420000000.0,7.25,4.0,19.0,0.0,1.0
1740,3,400000.0,420000000.0,5.0,12.0,7.0,0.0,0.0
1741,2,275000.0,420000000.0,5.5,7.0,7.0,0.0,0.0
1742,1,50000.0,420000000.0,1.75,3.0,9.0,0.0,1.0
1743,0,80000.0,420000000.0,1.1000000014901001,4.0,3.0,0.0,1.0
1744,2,90000.0,420000000.0,3.7499999888241,6.0,15.0,0.0,1.0
1745,1,500000.0,420000000.0,2.0000000298023,3.0,7.0,0.0,1.0
1746,1,440000.0,420000000.0,1.25,3.0,10.0,0.0,1.0
1747,2,638000.0,420000000.0,4.75,4.0,17.0,0.0,1.0
1748,0,450000.0,420000000.0,0.75000000745058,2.0,6.0,0.0,1.0
1749,1,1700000.0,420000000.0,2.25,5.0,16.0,0.0,1.0
1750,1,80000.0,420000000.0,1.5,4.0,9.0,0.0,1.0
1751,1,800000.0,420000000.0,2.25,3.0,9.0,0.0,1.0
1752,1,390000.0,420000000.0,1.25,3.0,8.0,0.0,1.0
1753,1,120000.0,420000000.0,1.75,3.0,8.0,0.0,1.0
1754,1,24000.0,420000000.0,1.7000000029802,2.0,14.0,28.0,1.0
1755,0,40000.0,420000000.0,2.0,3.0,6.0,0.0,1.0
1756,1,60000.0,420000000.0,2.7000000029802003,3.0,10.0,0.0,1.0
1757,1,16000.0,420000000.0,0.90000002831221,1.0,9.0,0.0,1.0
1758,0,270000.0,420000000.0,2.0000000149012,2.0,6.0,0.0,1.0
1759,1,400000.0,420000000.0,1.3799999952316,6.0,14.0,0.0,1.0
1760,2,160000.0,420000000.0,3.5,3.0,20.0,0.0,1.0
1761,1,42000.0,420000000.0,1.4000000059605,2.0,9.0,0.0,1.0
1762,1,320000.0,420000000.0,1.25,2.0,12.0,0.0,1.0
1763,3,50000.0,420000000.0,1.25,17.0,9.0,20.0,1.0
1764,1,150000.0,420000000.0,2.25,6.0,10.0,0.0,1.0
1765,1,17000.0,420000000.0,1.3000000268221001,3.0,9.0,0.0,1.0
1766,1,1580000.0,420000000.0,2.5,5.0,11.0,12.0,1.0
1767,1,280000.0,420000000.0,2.0,8.0,12.0,4.0,0.0
1768,1,230000.0,420000000.0,1.6500000357628,5.0,14.0,14.0,1.0
1769,0,40000.0,420000000.0,1.0,4.0,7.0,6.0,1.0
1770,1,636000.0,420000000.0,2.9000000357628,4.0,9.0,22.0,1.0
1771,0,66000.0,420000000.0,2.7500000074506,4.0,4.0,0.0,1.0
1772,1,212000.0,420000000.0,0.70000001788139,4.0,9.0,6.0,1.0
1773,1,99000.0,420000000.0,0.5,2.0,9.0,16.0,0.0
1774,2,680000.0,420000000.0,2.7000000178814,10.0,9.0,0.0,1.0
1775,1,55000.0,420000000.0,1.5,6.0,10.0,0.0,1.0
1776,3,536000.0,420000000.0,5.4000000059605,14.0,20.0,0.0,1.0
1777,1,28000.0,430000000.0,1.0,3.0,11.0,0.0,1.0
1778,1,1252000.0,430000000.0,1.7000000178814,11.0,16.0,0.0,1.0
1779,1,160000.0,430000000.0,2.0500000193715002,7.0,13.0,3.0,1.0
1780,2,80000.0,430000000.0,6.0,9.0,10.0,0.0,1.0
1781,1,20000.0,430000000.0,0.70000000298023,5.0,10.0,0.0,1.0
1782,1,396000.0,430000000.0,1.5,3.0,14.0,0.0,1.0
1783,1,60000.0,430000000.0,1.1000000014901001,3.0,9.0,0.0,1.0
1784,0,180000.0,430000000.0,2.75,4.0,5.0,0.0,1.0
1785,0,30000.0,430000000.0,0.50000001490116,3.0,5.0,0.0,1.0
1786,2,512000.0,430000000.0,3.3000000268221004,5.0,13.0,0.0,1.0
1787,1,1680000.0,430000000.0,2.2000000029802003,5.0,11.0,9.0,1.0
1788,3,11900000.0,430000000.0,6.5,11.0,25.0,69.0,1.0
1789,3,2260000.0,430000000.0,2.5,13.0,13.0,63.0,1.0
1790,2,1440000.0,430000000.0,3.0,8.0,8.0,20.0,0.0
1791,2,3876000.0,430000000.0,3.75,11.0,9.0,112.0,1.0
1792,2,1440000.0,430000000.0,4.4000000059605,9.0,20.0,0.0,1.0
1793,1,504000.0,430000000.0,2.25,6.0,7.0,14.0,0.0
1794,1,50000.0,430000000.0,1.75,5.0,11.0,5.0,1.0
1795,1,1470000.0,430000000.0,1.6000000238418999,4.0,10.0,0.0,1.0
1796,1,600000.0,430000000.0,1.5000000149011998,5.0,8.0,0.0,1.0
1797,3,2320000.0,430000000.0,6.5,10.0,13.0,10.0,1.0
1798,2,5160000.0,430000000.0,5.000000029802299,3.0,11.0,12.0,0.0
1799,2,252000.0,430000000.0,3.0,7.0,13.0,0.0,1.0
1800,2,396000.0,430000000.0,3.25,5.0,10.0,3.0,1.0
1801,2,12600000.0,430000000.0,5.600000001490099,5.0,12.0,24.0,1.0
1802,1,1364000.0,430000000.0,2.2500000223517,3.0,12.0,10.0,1.0
1803,3,11700000.0,430000000.0,9.000000059604599,14.0,16.0,127.0,1.0
1804,1,240000.0,430000000.0,1.0000000149011998,1.0,8.0,3.0,1.0
1805,2,180000.0,430000000.0,6.75,8.0,12.0,0.0,0.0
1806,0,500000.0,430000000.0,2.5000000149012003,6.0,5.0,0.0,1.0
1807,0,552000.0,430000000.0,2.2000000476837003,4.0,6.0,0.0,1.0
1808,0,450000.0,430000000.0,2.25,4.0,3.0,0.0,1.0
1809,1,90000.0,430000000.0,2.0,3.0,7.0,0.0,1.0
1810,2,3400000.0,430000000.0,3.5,10.0,12.0,0.0,1.0
1811,1,150400.0,430000000.0,2.0000000149012,11.0,13.0,0.0,1.0
1812,1,40000.0,430000000.0,2.4000000953674,3.0,9.0,5.0,1.0
1813,1,20000.0,430000000.0,2.1600000038743,5.0,12.0,0.0,1.0
1814,3,2220000.0,430000000.0,8.5000000074506,11.0,13.0,37.0,1.0
1815,2,310000.0,430000000.0,2.8000000491738,8.0,12.0,0.0,1.0
1816,0,940000.0,430000000.0,3.7999999523162997,4.0,4.0,0.0,1.0
1817,1,230000.0,430000000.0,1.75,4.0,10.0,0.0,1.0
1818,2,2080000.0,430000000.0,4.2800000011921,3.0,8.0,0.0,1.0
1819,1,192000.0,430000000.0,0.85000000149012,3.0,10.0,0.0,1.0
1820,1,460000.0,430000000.0,2.5,3.0,11.0,0.0,1.0
1821,3,5352800.0,430000000.0,8.5,8.0,24.0,0.0,1.0
1822,2,312000.0,430000000.0,4.0,5.0,7.0,0.0,1.0
1823,1,600000.0,430000000.0,2.0,4.0,11.0,0.0,1.0
1824,2,270000.0,430000000.0,4.0,5.0,7.0,0.0,1.0
1825,2,2300000.0,430000000.0,4.500000007450599,6.0,14.0,0.0,1.0
