,longitude___ethiopia_2015,owns_land_certificate___policy___ethiopia_2015,lives_in_afar___ethiopia_2015,productivity___output___ethiopia_2015,lives_in_harari___ethiopia_2015,household_head_is_widowed___ethiopia_2015,rooting_conditions_:_moderate_constraint___ethiopia_2015,lives_in_dire_dawa___ethiopia_2015,quantity_of_improved_seeds_used___policy___ethiopia_2015,amount_of_assistance_received___policy___ethiopia_2015,food_expenditure_diversification___output___ethiopia_2015,number_of_plough_owned___policy___ethiopia_2015,uses_credit___policy___ethiopia_2015,household_head_is_monogamous___ethiopia_2015,household_head_age___ethiopia_2015,price_rise_of_food_item___policy___ethiopia_2015,number_of_water_storage_pit_owned___policy___ethiopia_2015,number_of_droughts___ethiopia_2015,household_head_is_separated___ethiopia_2015,quantity_of_chemical_fertilizers_used___policy___ethiopia_2015,lives_in_snnp___ethiopia_2015,children_education___output___ethiopia_2015,number_of_hired_workers___policy___ethiopia_2015,latitude___ethiopia_2015,weight___ethiopia_2015,household_head_is_female___ethiopia_2015,crop_diversification___policy___ethiopia_2015,distance_to_market___ethiopia_2015,no_food_deficiency___output___ethiopia_2015,household_size___ethiopia_2015,rooting_conditions_:_mainly_non-soil___ethiopia_2015,prevent_damage___policy___ethiopia_2015,has_borrowed___policy___ethiopia_2015,household_head_is_divorced___ethiopia_2015,attended_school___ethiopia_2015,household_head_is_polygamous___ethiopia_2015,average_precipitation___ethiopia_2015,heavy_rains_preventing_work___ethiopia_2015,lives_in_somalie___ethiopia_2015,lives_in_benishangul_gumuz___ethiopia_2015,number_of_pick_axe_owned___policy___ethiopia_2015,household_head_never_married___ethiopia_2015,rooting_conditions_:_no_or_slight_constraint___ethiopia_2015,number_of_axe_owned___policy___ethiopia_2015,illness_of_household_member___policy___ethiopia_2015,household_head_is_male___ethiopia_2015,has_saved___policy___ethiopia_2015,has_a_bank_account___policy___ethiopia_2015,lives_in_amhara___ethiopia_2015,expenditure___output___ethiopia_2015,percentage_of_damaged_crop___policy___ethiopia_2015,increase_in_price_of_inputs___policy___ethiopia_2015,lives_in_oromiya___ethiopia_2015,distance_to_road___ethiopia_2015,lives_in_tigray___ethiopia_2015,crop_sales___output___ethiopia_2015,elevation___ethiopia_2015,variations_in_greenness___ethiopia_2015,rural_household___ethiopia_2015,has_medical_assistance___output___ethiopia_2015,lives_in_gambella___ethiopia_2015,number_of_oxen_owned___policy___ethiopia_2015,rooting_conditions_:_severe_constraint___ethiopia_2015,uses_extension_program___policy___ethiopia_2015,distance_to_population_center___ethiopia_2015,rooting_conditions_:_very_severe_constraint___ethiopia_2015,number_of_sickle_owned___policy___ethiopia_2015,land_surface___ethiopia_2015,literacy___ethiopia_2015,uses_irrigation___policy___ethiopia_2015,average_temperature___ethiopia_2015
crop_sales___output___ethiopia_2015,0.21588501034308,-0.007192826459149,0.045182876008389,0.719972956555036,0.271430531260334,-0.09886860457956,0.022890496318802,-0.033522916415116,0.060748406559042,0.002881090640093,0.046713292038441,0.142230782197331,0.035704502051978,0.088316140449948,-0.060639845322853,0.004885335121623,0.087591239523429,0.101602773114723,-0.004572369485864,0.16009400086711,-0.162830889399484,0.010529534379844,0.273817561443766,0.058105141044883,-0.027268859928489,-0.125541379054496,-0.027518497120338,-0.184393695175423,0.173538604424054,0.14257335037494,-0.049700811079599,0.153132869059759,0.018536354897904,-0.045992768353402,0.052649251241151,0.031333069922533,-0.229463996931762,-0.051441708329327,0.053547950354642,0.011216876799291,-0.006040833794807,0.002220684134926,0.02173940214954,0.05022636894077,-0.032900950171173,0.125541379054496,0.102377795599908,-0.010440964069554,-0.050486722045912,0.273243779717939,0.003898148627197,0.00625675545005,0.044592760875944,-0.068745595560927,0.040852448067662,1,-0.152306491445563,-0.081168241245498,0.079145477576262,0.061532035859561,0.011232163128315,0.157044625359596,-0.054834098696526,0.129810631867239,-0.101733519414228,0.011100128841941,0.042578843835159,0.272503114436671,0.082704928102924,0.103023792295592,0.122083625012493
productivity___output___ethiopia_2015,0.224086806532001,-0.083866810699307,0.016092569904546,1,0.294733283215749,0.00561024347638,0.021193593007826,0.0023186531714,-0.053473322112481,0.027914938977871,0.003553789313022,-0.14276039665827,-0.075538646976222,-0.013820105578879,-0.082624248976881,0.07905383962382,0.027679167942981,0.132308221296973,0.000963308180655,-0.113472098106425,0.06448575334679,-0.003361972394052,0.107589656557121,-0.118393967062309,-0.132343050609737,0.039124167011527,0.055270956075343,-0.171456216354952,0.021412938938334,-0.043532008046217,-0.063058293935203,-0.057569734125188,-0.030855202797226,0.047651949292337,0.042810566316969,-0.027307195875566,-0.180957422438526,-0.049813956464857,0.045966271577363,-0.031808393418379,-0.069558763304033,-0.005317384013927,-0.00253473600764,0.003021222991108,-0.004248967209651,-0.039124167011527,0.102707367151868,-0.015855464044188,-0.148132840892907,0.007908982208572,-0.062040416854509,-0.067610709525779,-0.11441746150797,-0.144821886421863,0.002654590208288,0.719972956555036,-0.141245398249925,-0.177841187079466,-0.020397552523062,0.01241749952098,0.063653549250011,-0.244836569886621,-0.058061256837188,-0.064664888213515,-0.231591385741145,0.055353734365225,-0.193796439181434,-0.401116685940524,0.036658491000815,0.093037319430785,0.091320417930689
number_of_hired_workers___policy___ethiopia_2015,0.005077018292808,-0.006450034290608,-0.045907866015325,0.107589656557121,0.079342327450357,-0.038155432430939,-0.048075886904779,-0.067862561517313,0.114399538356677,-0.082815525097846,0.06731944305657,0.066177238793495,0.03097816841736,0.042216327884502,-0.021735894480939,-0.029673684027815,0.077933893299779,0.025328121427169,-0.023338129962374,0.112669783871967,-0.019601962388104,0.013583384925259,1,0.002321148557478,-0.004394973004792,-0.054540832754503,-0.005377827602714,-0.037327184893345,0.109708526220592,0.013749728009737,0.05141352891978,0.063891256332213,0.007140740976706,-0.027547919739085,0.077850690610294,0.02302039961998,-0.02994882945538,-0.01800840290379,0.110196348712377,0.051028823176297,0.044041836168763,-0.005145706105532,0.066254888715577,0.07435496470245,-0.009512144821783,0.054540832754503,0.08970700213714,0.04372592641505,-0.062520298130349,0.167694975914862,0.044791881717388,0.058341718659901,0.001232153930173,-0.04458088206237,0.024051778278184,0.273817561443766,-0.102433951639648,0.021404220243239,-0.010249303223337,0.096066840879312,-0.017908883202396,0.073965477407922,-0.073119159296342,0.116217712248681,-0.041413166699165,0.002902800563465,0.069498265759777,0.208376409753948,0.103798541590244,0.018512823811384,0.073239647088779
expenditure___output___ethiopia_2015,0.061111615909374,0.03519809904716,0.062944514287631,0.007908982208572,-0.005303106584041,-0.234938489018091,0.014028011250072,0.020174475274794,0.166547774507477,-0.048526890347124,0.074488657565749,0.157898181753964,0.081302178673339,0.235993523949751,-0.11867886811969,0.009451157699304,0.071915687311822,-0.032111972762653,-0.031568075484267,0.185618947833706,-0.07492621473854,0.140637072832165,0.167694975914862,0.017883221062027,0.058160802265524,-0.226390755613117,0.010745418609168,-0.07748999045073,0.228297379185639,0.360703866265789,0.0001662259722,0.17238730991592,0.117880661051912,-0.12896724207235,0.264101864874068,0.076609380973204,-0.039578972506405,-0.013723197280151,0.094236777522308,-0.024735683468643,0.09445026641643,-0.005498279146363,0.019747326339352,0.080687794156996,0.030023978044183,0.226390755613117,0.101165415996617,0.129431796593333,-0.071598416944253,1,-0.024780393885708,0.00420078972437,0.061481957554449,-0.03343676833909,0.00387671650826,0.273243779717939,-0.011460276263653,0.027079388868632,-0.099293618611386,0.068414784956755,0.025473876416053,0.224447223591276,-0.026453047687818,0.131326796315673,-0.013649200689763,-0.017238033178437,0.132000413756733,0.263842155314636,0.305075596281277,0.076769473020501,-0.006568869798765
land_surface___ethiopia_2015,-0.106380099257839,0.144182007539899,-0.092626148723998,-0.401116685940524,-0.026693248392406,-0.178925827630201,0.009548394556852,-0.029680700989884,0.191284214089654,-0.117130173757114,0.004182280994762,0.490794458422286,0.214039263188956,0.264080421357545,0.049343466006575,-0.133846387532539,0.088523510532043,-0.063132116438024,-0.080300036664213,0.45449544968138,-0.09901859692627,-0.034453448534802,0.208376409753948,0.090587245011009,0.215024161719004,-0.304345022966481,0.013749616744917,-0.02976180981847,0.13922877138916,0.329991280439241,-0.008286421548816,0.275420014234367,0.076545168764026,-0.163860079164966,-0.031422213385385,0.030206975223832,0.101283154249381,0.015831065116577,-0.065649898225025,0.034270623525056,0.20346392475187,-0.094581007786303,0.065227973868398,0.155927240346837,-0.068601136336815,0.304345022966481,-0.055059136815226,-0.096370221125653,0.056371517529527,0.263842155314636,0.067090455372461,0.127418672131712,0.148778551748059,0.079369187779782,0.023193585314097,0.272503114436671,0.039832029004073,0.15869911095316,0.303077906893484,0.015047823207921,-0.070923506214254,0.586814204331756,-0.055764794130716,0.345154043410955,0.024911320372544,-0.041897638617571,0.400073215909196,1,0.014473693095891,0.023887343990134,-0.027486014919577
lives_in_harari___ethiopia_2015,0.285779970267986,-0.043473067344995,-0.033806818181818,0.294733283215749,1,-0.015275784579207,0.032425324013781,-0.033659692185234,-0.01718954182192,0.002436766401957,0.052485801307651,0.005543898829491,-0.049623149869942,0.02705805567939,-0.000244194394611,0.092196538552321,0.07981183254821,0.157027156868802,0.014545057245462,0.057307307400001,-0.107964026891369,-0.029108589214469,0.079342327450357,0.006283432235108,-0.296000654910095,-0.026481923092224,0.126805162610561,-0.290524167768864,0.057047466957243,0.034011026072198,-0.03917226472492,-0.032437020915649,-0.025145261527987,-0.011230763882287,-0.009713550894366,-0.027610224340901,-0.18710088158251,-0.020454994530676,-0.047090229183418,-0.034389849202978,-0.025634443094011,-0.004412960975262,0.065782659002698,-0.11105285072279,-0.000594342491813,0.026481923092224,0.129048894710612,-0.021369466651612,-0.096116191421238,-0.005303106584041,0.065039280825841,0.05023200689396,-0.092816538798902,-0.13365458884533,-0.062968732452246,0.271430531260334,-0.023045780853097,-0.071914951293929,0.066146582098739,0.053433962284694,-0.031065898685765,-0.100571946183407,-0.028107260778404,0.08920016359266,-0.273067003247463,-0.074990893969346,-0.102710179591535,-0.026693248392406,-0.016502635550886,0.115622794228964,0.021703615162944
longitude___ethiopia_2015,1,-0.097662182699416,0.222833864010098,0.224086806532001,0.285779970267986,0.0328222031427,0.037321055933584,0.266335190693811,-0.123193589110616,0.419927165063438,-0.058428689826941,0.015533794799057,-0.109332692155754,-0.021157472210565,0.069994634730495,0.236054443660822,-0.01048016639469,0.529854250472955,0.03338532228158,-0.087399960792435,-0.3464383279364,-0.049684251023155,0.005077018292808,0.220217497638993,-0.134569095365204,0.026593331598874,-0.222982057353619,-0.226303140795198,-0.06589634463051,0.012678570449242,0.236965527269089,0.005122360565599,0.019495472739809,-0.001428398763715,-0.101751208096097,-0.028693130361926,-0.740920611942959,-0.110130002290949,0.34369483900384,-0.283434594488361,-0.214408177103735,-0.004731634348644,-0.466712507033258,-0.285502652343947,-0.039050887366563,-0.026593331598874,0.069931741790835,-0.013677251671078,0.030386536219038,0.061111615909374,0.450888602006759,-0.06595990173074,-0.036654045263075,-0.083846261394503,0.097607247172916,0.21588501034308,-0.007334418503112,-0.751618063604944,0.024725620041836,-0.036736740523506,-0.276371349092778,-0.03736962212697,0.211244134944431,-0.065320881431791,-0.107368566625661,0.268728460218413,-0.044262368477262,-0.106380099257839,-0.068567656396778,0.185676791432382,0.026073017175287
no_food_deficiency___output___ethiopia_2015,-0.06589634463051,0.091883342640206,-0.00478539489617,0.021412938938334,0.057047466957243,-0.067953634417873,0.017653299728851,-0.047169356075227,0.021597184625829,-0.227359223599137,0.089792944106828,0.113964298968575,-0.019470457304898,0.054502837675479,-0.074222805047881,-0.196486121128561,0.049231016187662,-0.285101988765389,0.003877851874687,0.085623969077415,-0.038502964810546,0.107904716027958,0.109708526220592,0.135520514961014,-0.021855340854373,-0.062707298036257,0.005966977141331,-0.046085294170689,1,-0.010608004255933,-0.01912359769852,0.069359395115849,-0.115016992618898,-0.001961845984301,0.121202551211973,-0.009207202462308,0.060319644423408,-0.050458009092125,-0.112140959261029,0.029536335501147,-0.072098748619114,0.011231618539516,-0.004747179018719,-0.044083705434233,-0.094675779037775,0.062707298036257,0.093727955903424,0.108737632624958,0.128119607560788,0.228297379185639,-0.178536536296867,-0.117718450542615,-0.082370004108083,-0.067070038860745,0.049596432435907,0.173538604424054,0.080309145709094,0.105401476643619,-0.07819657788472,0.004776570266587,0.016823953228642,0.176755857309786,-0.03753025514692,0.062729176606483,-0.042054070228261,0.036764875364133,0.065275200954852,0.13922877138916,0.128873556767325,0.047145840776933,-0.062054049888293
quantity_of_chemical_fertilizers_used___policy___ethiopia_2015,-0.087399960792435,0.28200857413764,-0.147647976424823,-0.113472098106425,0.057307307400001,-0.085053254848975,0.041439349443564,-0.14393116019501,0.413380432276747,-0.174185582157901,0.069747555373905,0.398579698687461,0.319513027075529,0.179436102827765,0.015149109964815,-0.159705012005026,0.088851186047096,-0.129862294407183,-0.044376408496608,1,0.005641982629209,0.054500831343185,0.112669783871967,0.080010575514379,0.339089099794648,-0.147536380550393,0.0114412090916,-0.072225263080488,0.085623969077415,0.164538780946329,-0.106239566920291,0.398256434064076,0.076311089664493,-0.114671033733379,0.013262213431321,-0.052201655712683,0.170874751111585,0.049602786268091,-0.198390689861246,-0.064296437624424,0.088092456982849,-0.054486202004097,0.123770735356522,-0.009823986340227,-0.078265269160039,0.147536380550393,-0.028408447515402,-0.025107199277147,0.066112944803967,0.185618947833706,-0.096124096880041,0.216633426852681,0.16422441440035,-0.089168576950742,0.083493718995086,0.16009400086711,0.349215938982758,0.23199546706754,0.22318172012213,-0.010419084526747,-0.136012737473887,0.426047026842277,-0.092789311287852,0.70492632906519,-0.197928784510096,-0.059287140144403,0.377015402303322,0.45449544968138,0.048100083908609,0.071599292171008,-0.340042725893627
number_of_oxen_owned___policy___ethiopia_2015,-0.03736962212697,0.159665885721747,-0.056305153658289,-0.244836569886621,-0.100571946183407,-0.137578135599878,0.058584727953188,-0.074929476710296,0.178498493003033,-0.090579433680214,-0.007010394751577,0.529833109131787,0.169887753469647,0.211790289293288,0.03544649969457,-0.090514065527548,0.053148650020251,-0.094285755355735,-0.047495754248838,0.426047026842277,-0.053619491292532,-0.015933674682825,0.073965477407922,0.085565872320896,0.226679066746028,-0.242619332656701,-0.054010753148142,0.040786864988828,0.176755857309786,0.256324479788908,-0.024503344974182,0.311303276500829,0.015249437417143,-0.151644400671358,-0.003983962263786,0.003156998987787,0.063682927731536,-0.003066946871368,-0.094930744676669,-0.059327355676574,0.10963989145181,-0.037479842577658,-0.004590169574574,0.10308466772245,-0.027780631950775,0.242619332656701,-0.096761903144661,-0.05918178851854,0.100937289135952,0.224447223591276,0.00690436825985,0.065853692443118,0.131669174855044,0.049194567285977,0.059706839267026,0.157044625359596,0.135747521784787,0.08990300732041,0.19016423343285,0.002172723337843,-0.107575485243843,1,-0.033370818809551,0.342229133386624,0.037701988556696,-0.00368484576209,0.3674807047541,0.586814204331756,0.033581265524241,0.004032955811522,-0.120301918767399
prevent_damage___policy___ethiopia_2015,0.005122360565599,0.115163512250151,0.058034534419969,-0.057569734125188,-0.032437020915649,-0.046568576957418,-0.004721734035532,-0.113035616945932,0.19423642324797,-0.043662105947363,0.066475991429346,0.194170898778771,0.181288436861215,0.077795967535003,-0.025445302168189,-0.068650392347788,0.053664190085627,-0.084078866821782,-0.007906061700026,0.398256434064076,-0.05418229352073,0.010301740645584,0.063891256332213,-0.022471995950809,0.182594070737735,-0.073670149746178,-0.09176855327356,-0.006457112217827,0.069359395115849,0.08798283876078,-0.041831099250033,1,0.041861414783622,-0.094780612104652,0.057253859525672,0.01882666912273,0.030910552577684,-0.033142445665639,-0.105682830627035,-0.067202132992772,0.085950184930548,0.007400638051318,0.083386494778405,0.039656337601709,-0.005637263979271,0.073670149746178,-0.004707228524171,0.000871265209649,-0.003687598377739,0.17238730991592,-0.022472533638272,0.094527781900267,0.212707771156856,0.038416933879151,-0.032459682943617,0.153132869059759,0.123712145320364,0.168294785936323,0.088274174452662,0.034876203591265,0.022538050901861,0.311303276500829,0.009971493501429,0.294926721577995,-0.0436849460443,-0.101103739694781,0.165331122229351,0.275420014234367,0.056169643028103,0.010451552780352,-0.139163513722473
household_size___ethiopia_2015,0.012678570449242,0.006076333786639,0.023930386806969,-0.043532008046217,0.034011026072198,-0.324989663840817,-0.010852703181215,-0.009367009721544,0.055734218698932,0.003857479836494,-0.043597548171049,0.269232283956624,0.079255946289089,0.409257253395541,-0.045043649149929,0.019575820965074,0.043644287948261,0.049842294813802,-0.091726940785412,0.164538780946329,0.084345512405516,-0.127317180476219,0.013749728009737,-0.156654198861869,0.03712573856602,-0.396966837957912,0.082011852043243,0.054085278568646,-0.010608004255933,1,-0.001751190613609,0.08798283876078,0.094918643639779,-0.24585354972381,0.062394789618969,0.14031273907444,-0.035203455333161,0.039729802524494,0.059491692459928,-0.014785847284413,0.197585662129436,-0.161120165265616,0.028725690426139,0.241688501481987,0.018813844466084,0.396966837957912,-0.121722860918723,-0.163139062073481,-0.156666026884449,0.360703866265789,0.021131936863725,0.078353049311125,0.044950185242518,0.025735022120064,-0.034970336876642,0.14257335037494,-0.084456045830718,-0.058224914024454,0.103072757336973,-0.073750170497513,-0.00142774976592,0.256324479788908,0.008507263922832,0.12764996722692,-0.00356347954895,-0.039014096490217,0.241102339424371,0.329991280439241,0.092916267941705,0.033643908528029,0.067038550401685
number_of_plough_owned___policy___ethiopia_2015,0.015533794799057,0.179615117082733,-0.105580348479562,-0.14276039665827,0.005543898829491,-0.161799257016371,0.01534771698905,-0.003903270140663,0.125028910758386,-0.061525662722689,-0.044431600244168,1,0.172113188264345,0.258930473824396,0.053745180559475,-0.067796927862664,-0.106194733547331,0.000578849781894,-0.081083032102949,0.398579698687461,-0.044545061323285,-0.007978058941237,0.066177238793495,0.143072035380005,0.177827446413508,-0.285993950430278,-0.064377626519481,-0.021777894676432,0.113964298968575,0.269232283956624,-0.016717563559622,0.194170898778771,0.047662304044663,-0.145660778912116,-0.035570703304356,-0.002679943425376,0.023762179696495,0.018095640220429,-0.103755580733253,-0.044623101002144,0.122475900464627,-0.090065770066225,-0.059845074667465,0.081650125616646,-0.042996295636041,0.285993950430278,-0.095422775796252,-0.124912664761141,0.090878437493499,0.157898181753964,0.077715214258776,0.094359524956988,0.051818031501228,0.062976581841492,0.114806590036112,0.142230782197331,0.156238328890936,0.04747531314944,0.255499029780843,-0.016983267755532,-0.136437478130452,0.529833109131787,-0.01433126207414,0.35405727520924,-0.011825232888298,0.0950023792723,0.52532190323697,0.490794458422286,-0.002833095785224,0.068156906713191,-0.131536638307394
uses_extension_program___policy___ethiopia_2015,-0.065320881431791,0.217464425504798,-0.119098195598065,-0.064664888213515,0.08920016359266,-0.078817939108581,0.04693184433836,-0.106315124411952,0.329541149275185,-0.150057254045591,0.046569287280686,0.35405727520924,0.254462303836589,0.144733505271159,-0.002583857171322,-0.113607100611793,0.080648535642461,-0.098189077344812,-0.04026820825828,0.70492632906519,-0.019198677053113,0.032204125167912,0.116217712248681,0.119232699454391,0.212702764699724,-0.135080575451031,0.000566520690041,-0.058403504728933,0.062729176606483,0.12764996722692,-0.067430105383632,0.294926721577995,0.079868164997485,-0.08543173540175,-0.005229332899059,-0.027368940527495,0.105185407422984,0.086589271737056,-0.171194927224068,-0.084353758397033,0.060711324250412,-0.045806115452684,0.05132020691477,0.022054336928212,-0.06951768296138,0.135080575451031,0.008086139922372,-0.017025842839775,0.096313929220732,0.131326796315673,-0.024755560129258,0.184331489812953,0.036209989604765,-0.012267423111248,0.145579175530116,0.129810631867239,0.230112244186489,0.141864874776499,0.197270022168258,0.037791889957896,-0.070662537404166,0.342229133386624,-0.084364194609338,1,-0.143675785882656,0.006849138018321,0.32531247308465,0.345154043410955,0.036026906010435,0.095113160728901,-0.21940902473892
household_head_is_male___ethiopia_2015,-0.026593331598874,0.021213843537683,-0.008521977721463,-0.039124167011527,0.026481923092224,-0.605004295087485,-0.002859648806651,0.015113753537878,0.05736202894542,-0.067248368942891,-0.029476191373783,0.285993950430278,0.098020118131832,0.646654366949741,-0.118191972816854,-0.014638112145846,0.012870570470156,-0.008301069565247,-0.157805061995825,0.147536380550393,0.039187472941244,-0.07611143410076,0.054540832754503,-0.052943285997659,0.098796851440267,-1,0.053316365738545,0.000903291395299,0.062707298036257,0.396966837957912,-0.009438109457735,0.073670149746178,0.088565300239769,-0.275853864789162,0.20579803704923,0.093625728448022,0.049984715422835,0.031986867169445,-0.001509443832761,0.012492955873161,0.153788596728453,-0.033892939423358,-0.001131300531929,0.18174330034497,-0.010005138296319,1,-0.025563827370937,-0.045341910564134,-0.019875244886726,0.226390755613117,0.03015582288007,0.047423211263906,0.004679750525762,0.01439476494819,-0.054173502975253,0.125541379054496,-0.030110178306575,0.008028242190468,0.096529738032831,0.015887720285151,-0.012162295090903,0.242619332656701,0.020450410752699,0.135080575451031,-0.039657941242563,-0.013054189888955,0.208359530353926,0.304345022966481,0.259698286737882,0.045707203494879,0.017435021662523
average_temperature___ethiopia_2015,0.026073017175287,-0.304326213037839,0.285413203656344,0.091320417930689,0.021703615162944,-0.020698020391496,-0.099320095630171,0.151102320832595,-0.132682789784468,0.232891671826995,-0.061283275878792,-0.131536638307394,-0.131422639451643,-0.034995278094689,-0.049106540671174,0.101949399386237,-0.018920530485716,0.164881428716522,0.004220705426249,-0.340042725893627,-0.132596193065662,-0.089573821575231,0.073239647088779,0.031655986968099,-0.359715947170566,-0.017435021662523,0.041842388153522,0.000437624434844,-0.062054049888293,0.067038550401685,0.098392225494417,-0.139163513722473,0.021705362667596,0.016339395809744,-0.026653677155196,0.094882851573503,-0.394925715556241,-0.085260139167724,0.231836390815891,0.193699350097683,-0.029848267358974,0.007835433931018,-0.037393051148133,0.165675199011193,0.030428320844958,0.017435021662523,0.027313159593707,-0.083811647676315,-0.232058955780824,-0.006568869798765,0.225130499327906,-0.053265825357486,-0.185449482794256,0.113712797449611,0.071121959180527,0.122083625012493,-0.956441800098988,-0.162190509529452,0.045366266053126,0.149532640677521,0.20613965697743,-0.120301918767399,0.102751625376001,-0.21940902473892,0.248256277783016,-0.012117077291896,-0.12131827746245,-0.027486014919577,-0.038987630474251,0.099377425872537,1
uses_irrigation___policy___ethiopia_2015,0.185676791432382,-0.032812443451227,0.134450282630136,0.093037319430785,0.115622794228964,-0.010672436265622,-0.052609006930067,0.124860185633116,0.035581154677139,0.162804888487449,0.010575306257638,0.068156906713191,0.02295335979354,0.029923931068602,0.019034231910252,0.071361875166978,0.005477703109531,0.101466320924899,-0.00392389039994,0.071599292171008,-0.156952333341055,0.046138330804874,0.018512823811384,0.146662566911823,-0.065249714390583,-0.045707203494879,0.076319805431828,-0.13299702234652,0.047145840776933,0.033643908528029,-0.040423241874885,0.010451552780352,0.042171340809687,-0.018036697811952,-0.02112582052305,-0.013759564655831,-0.206201897219247,-0.024747146508307,0.028925568771125,-0.016587928468399,-0.032225064910903,-0.024187765266279,-0.10906693316543,-0.088038459155766,-0.000688729367686,0.045707203494879,0.044627093465591,0.009507685769489,0.06119252061846,0.076769473020501,0.07680442173361,0.037141216551202,-0.044612020051255,-0.006007989559481,0.047673079928145,0.103023792295592,-0.093033067199637,-0.15191553703385,0.010664203074773,0.082072392800114,-0.057745281518785,0.004032955811522,0.053897117946891,0.095113160728901,-0.031566563696161,0.174768957817977,0.082346334393621,0.023887343990134,-0.005727752741886,1,0.099377425872537
has_saved___policy___ethiopia_2015,0.069931741790835,-0.029870801235627,0.13319385360011,0.102707367151868,0.129048894710612,-0.04767388645713,0.014997181767731,-0.036204811318717,0.01429246901574,-0.028027104354344,0.065321421401131,-0.095422775796252,-0.003768746705455,-0.011111159602139,-0.182331080050733,0.02697067972307,0.014426094658654,-0.029353707492172,0.039919117138748,-0.028408447515402,-0.049981415600324,0.029008861909209,0.08970700213714,0.037008758287603,-0.024606325712495,0.025563827370937,0.084248253147993,-0.054449248714133,0.093727955903424,-0.121722860918723,-0.041153446588689,-0.004707228524171,-0.002438760135787,0.046796478617063,0.167598219450503,-0.019934008144592,-0.03638440157318,-0.008634625037968,-0.068691225623704,-0.018494957541837,-0.063481518038095,0.068868864886315,-0.010082370156707,-0.062087136207464,-0.00520243886129,-0.025563827370937,1,0.50555752503379,-0.005775237088193,0.101165415996617,-0.021137762510609,-0.026149601212459,0.023146738346587,-0.019250113556484,-0.008680032133431,0.102377795599908,-0.015002077621649,-0.048378881753691,-0.12227263390058,0.131916454900818,-0.017327535443693,-0.096761903144661,0.048737384054872,0.008086139922372,-0.013650230843005,-0.034763492778065,-0.10467201645994,-0.055059136815226,0.156231913837592,0.044627093465591,0.027313159593707
number_of_droughts___ethiopia_2015,0.529854250472955,-0.113416273199427,0.096961854814007,0.132308221296973,0.157027156868802,0.013625751442481,-0.068972051644901,0.18605870493578,-0.083891270912825,0.446434358576816,-0.083486913069223,0.000578849781894,-0.034613334013869,0.004838888979796,0.083425542060273,0.348224535413221,0.009235348807022,1,-0.004566212185391,-0.129862294407183,-0.158715831218474,-0.053226312491255,0.025328121427169,0.105834203631299,-0.155986110280552,0.008301069565247,-0.106904386659329,-0.144017898610351,-0.285101988765389,0.049842294813802,0.152291896614863,-0.084078866821782,0.036975538157818,-0.000822711611849,-0.13376068204628,-0.006471051492137,-0.499826418846001,-0.077352909446788,0.302231806500248,-0.122771614292117,-0.027019935842974,-0.036770813873697,-0.24195719731762,-0.064842427902082,-0.01443072159469,-0.008301069565247,-0.029353707492172,-0.091542308843659,-0.062132606027417,-0.032111972762653,0.528601592049477,0.106562341146382,-0.115367074276687,0.044718287333205,0.08554470421564,0.101602773114723,-0.162340457260841,-0.476313156809317,0.102432264162786,0.015668225963681,-0.082684415637153,-0.094285755355735,0.161541369889512,-0.098189077344812,-0.028572729416068,0.159619808573734,0.003995265786067,-0.063132116438024,-0.114608567915369,0.101466320924899,0.164881428716522
household_head_is_monogamous___ethiopia_2015,-0.021157472210565,0.032176459326069,-0.027373908469421,-0.013820105578879,0.02705805567939,-0.666965699958857,0.016395757894602,0.008115735514447,0.063657169895103,-0.068883504172741,-0.004417011141366,0.258930473824396,0.109726582217391,1,-0.187426578811016,0.001468895169539,0.033399937776576,0.004838888979796,-0.194401626765095,0.179436102827765,0.058542794209077,-0.052051207065911,0.042216327884502,-0.041431689350803,0.101663988040724,-0.646654366949741,0.030941262820738,0.003606345113411,0.054502837675479,0.409257253395541,-0.024430185459305,0.077795967535003,0.099322775381325,-0.410488659891227,0.192276822859252,-0.301699634747183,0.061846314196125,0.045237864006,-0.038222043163722,-0.002917940045669,0.137529702143358,-0.22248762338362,-0.014207921512675,0.121922080675257,0.014998998011393,0.646654366949741,-0.011111159602139,-0.038502628760004,-0.019464111327288,0.235993523949751,0.027710634966136,0.041664338489019,0.01770192692243,0.012943820630454,-0.042949071639726,0.088316140449948,0.019128408169892,0.035334206704335,0.073816363126123,-0.008173545889058,-0.019644756490924,0.211790289293288,0.022851850883327,0.144733505271159,-0.047298975007445,-0.008214230096415,0.183484190187258,0.264080421357545,0.221051021467239,0.029923931068602,-0.034995278094689
number_of_water_storage_pit_owned___policy___ethiopia_2015,-0.01048016639469,0.022834160168999,-0.040540694467748,0.027679167942981,0.07981183254821,-0.014932871202126,0.019528464466096,-0.033983663522685,0.013230865057288,-0.054537695835507,0.048829633478878,-0.106194733547331,0.033651114345357,0.033399937776576,0.025870279839338,-0.01175270893256,1,0.009235348807022,0.0151248888613,0.088851186047096,0.00244549072888,0.005231153862891,0.077933893299779,-0.022352789627639,0.018488500084017,-0.012870570470156,-0.001277286663917,-0.007432248187814,0.049231016187662,0.043644287948261,-0.008824835149747,0.053664190085627,0.000449630384731,-0.034989303237125,0.031529072708482,-0.000519116105169,-0.004768187603888,-0.005109758783869,-0.036351520093696,0.101216138612659,0.046611812791873,-0.020671708565238,0.042411929983219,0.027550668743726,0.025077242453794,0.012870570470156,0.014426094658654,-0.004536383677745,-0.057426702011925,0.071915687311822,0.022194818130393,0.048705047166809,0.052429813357829,-0.041312376896266,-0.01028314648997,0.087591239523429,0.017401375571027,0.037266008057605,0.01658911970966,0.011199131850692,-0.036221801923197,0.053148650020251,-0.028067064814756,0.080648535642461,-0.031394554197549,-0.045742424372213,-0.085338308721042,0.088523510532043,0.020713722988001,0.005477703109531,-0.018920530485716
literacy___ethiopia_2015,-0.068567656396778,0.029186325116656,-0.020932078185413,0.036658491000815,-0.016502635550886,-0.275730191064596,-0.019344470153162,-0.054913564550469,0.050061143737412,-0.1424990568015,0.109410977958513,-0.002833095785224,0.025586732148478,0.221051021467239,-0.350707456886932,-0.030934298605466,0.020713722988001,-0.114608567915369,-0.003937738408818,0.048100083908609,0.043439543892026,0.132406409847064,0.103798541590244,-0.044290349054884,0.071106734811347,-0.259698286737882,0.033960144163485,0.00415436989433,0.128873556767325,0.092916267941705,-0.049479444576667,0.056169643028103,0.023583644843595,-0.09027597323967,0.815150734334023,0.026496990697395,0.084926474108546,-0.021671799182383,-0.05161435298389,0.028673923208828,0.034479128040983,0.122710906466289,0.053664581612879,0.050185298927052,-0.002246883880776,0.259698286737882,0.156231913837592,0.209478082970234,-0.084133254538411,0.305075596281277,-0.095448285616865,-0.034943932491744,0.072047610014585,-0.085457006976133,0.011989509430147,0.082704928102924,0.035482690777664,0.102923741602667,-0.182984910714215,0.06644871382524,0.04003225399111,0.033581265524241,-0.016224811239334,0.036026906010435,-0.065248479312175,-0.011484782526762,-0.027574807021231,0.014473693095891,1,-0.005727752741886,-0.038987630474251
rural_household___ethiopia_2015,0.024725620041836,-0.025823574786239,-0.016315703703697,-0.020397552523062,0.066146582098739,-0.014449029589576,-0.005927701750216,0.065858714670353,0.075111872271746,0.088097497994275,-0.102986463761163,0.255499029780843,0.105091513037631,0.073816363126123,0.071726224089017,-0.052452424870893,0.01658911970966,0.102432264162786,-0.032025721421102,0.22318172012213,0.015637127390278,-0.19386868633206,-0.010249303223337,-0.029020800326115,0.046274583952874,-0.096529738032831,0.054033395144603,-0.062499205238281,-0.07819657788472,0.103072757336973,0.000446704033276,0.088274174452662,0.070762368192464,-0.072689129843082,-0.202056388285207,0.023906399183135,-0.029607119466828,-0.022634341133357,0.005989376361049,0.010000417589917,0.122418886510676,-0.077696965242557,-0.066870015171454,0.110006798415338,-0.088062173499241,0.096529738032831,-0.12227263390058,-0.244498631950349,-0.028375774713995,-0.099293618611386,0.138163441626452,0.110980050941386,-0.056436404078274,0.115895433974018,0.004993351807711,0.079145477576262,-0.066129094513004,-0.033760533839458,1,-0.054247547232517,0.013517107158816,0.19016423343285,0.081243315357894,0.197270022168258,-0.091652763119669,0.015970178642491,0.262643809157544,0.303077906893484,-0.182984910714215,0.010664203074773,0.045366266053126
has_medical_assistance___output___ethiopia_2015,-0.036736740523506,-0.016072185893201,0.079521296217554,0.01241749952098,0.053433962284694,-0.033895913065357,-0.025823345159078,0.050761805370904,0.047962339446157,0.07122264424776,0.085870089316616,-0.016983267755532,0.003347342840584,-0.008173545889058,0.004859744109348,0.043442816562989,0.011199131850692,0.015668225963681,0.022509183577738,-0.010419084526747,-0.076263912434971,0.054044269786348,0.096066840879312,0.074993004952411,-0.137825205745096,-0.015887720285151,0.025026558971326,-0.039006923342284,0.004776570266587,-0.073750170497513,-0.030225048955446,0.034876203591265,0.088339542724019,0.045981640246185,0.055863301794419,0.014052261881769,-0.048673353319567,0.00819542572857,-0.036632201688302,0.113619068866311,-0.033659756962693,-0.005418456249814,0.000103558176443,-0.00341194833986,0.272353152192838,0.015887720285151,0.131916454900818,0.083320137000958,-0.043589203189584,0.068414784956755,0.045118848080202,0.034461949425619,-0.046700632282635,0.00659875242107,0.065476792251654,0.061532035859561,-0.151390053740333,0.025921730038879,-0.054247547232517,1,0.033765591271059,0.002172723337843,0.030528637912301,0.037791889957896,0.037927648452616,0.012198195597414,0.013748021981114,0.015047823207921,0.06644871382524,0.082072392800114,0.149532640677521
quantity_of_improved_seeds_used___policy___ethiopia_2015,-0.123193589110616,0.105984836721028,-0.018734333242239,-0.053473322112481,-0.01718954182192,-0.041396431978416,-0.044607772533061,-0.074682344521812,1,-0.084668924255511,0.067315182747421,0.125028910758386,0.151810338856229,0.063657169895103,-0.025412789647944,-0.054037331325034,0.013230865057288,-0.083891270912825,-0.034837667834903,0.413380432276747,0.074272533966107,0.038210928244779,0.114399538356677,-0.043099213805568,0.148971905521706,-0.05736202894542,0.079424115731854,-0.084647580955293,0.021597184625829,0.055734218698932,-0.006369241148742,0.19423642324797,0.053290359479761,-0.035765153216696,0.048749590108626,-0.005204527688313,0.189928113431184,0.004097709590191,-0.027846775145694,-0.03630000507457,0.061362144985342,-0.006451304477681,0.202470051391604,0.005639581491693,-0.004209716946926,0.05736202894542,0.01429246901574,0.059728789241716,0.026024727722823,0.166547774507477,-0.079144115258913,0.173685090430432,0.084932761342361,-0.123995400976382,-0.113112701115134,0.060748406559042,0.076746980926076,0.218881226981558,0.075111872271746,0.047962339446157,-0.076032230569064,0.178498493003033,-0.113369710059525,0.329541149275185,-0.100389987638662,-0.125971719960669,0.112547355149955,0.191284214089654,0.050061143737412,0.035581154677139,-0.132682789784468
latitude___ethiopia_2015,0.220217497638993,0.157091611793451,0.141097765522926,-0.118393967062309,0.006283432235108,0.018697197076916,-0.048935555460063,0.049094935922338,-0.043099213805568,0.125924327022424,0.010790556922138,0.143072035380005,0.060247691498697,-0.041431689350803,0.04606680407989,-0.064190448330109,-0.022352789627639,0.105834203631299,0.035654654179021,0.080010575514379,-0.636804853784757,0.126687049786124,0.002321148557478,1,-0.028137376107125,0.052943285997659,-0.375804401326727,-0.33265160704696,0.135520514961014,-0.156654198861869,0.116927039572738,-0.022471995950809,0.059551626495256,0.145601518592062,-0.10502366958988,-0.139378323361062,-0.310855849538857,-0.088749982127167,-0.131794058991241,0.095742391659243,-0.308040243640056,-0.015699995482876,-0.288329098631464,-0.285896593098354,-0.085200626216849,-0.052943285997659,0.037008758287603,0.117484526569409,0.485195694954144,0.017883221062027,0.244476731540754,-0.046208673015663,-0.211088492997788,0.008192710477152,0.52880136455621,0.058105141044883,0.101412296460863,0.034357375567828,-0.029020800326115,0.074993004952411,-0.114754886441147,0.085565872320896,0.082413889508609,0.119232699454391,0.03119220011468,0.305956788646073,0.219961717749956,0.090587245011009,-0.044290349054884,0.146662566911823,0.031655986968099
lives_in_somalie___ethiopia_2015,0.34369483900384,-0.220372142566506,-0.047090229183418,0.045966271577363,-0.047090229183418,-0.004777191367727,-0.065306245030659,-0.046885294283578,-0.027846775145694,0.261203978488881,-0.056218510462005,-0.103755580733253,-0.096679904276924,-0.038222043163722,0.029130915411894,0.138017096778181,-0.036351520093696,0.302231806500248,0.024123711210405,-0.198390689861246,-0.150385367310713,-0.118387553432605,0.110196348712377,-0.131794058991241,-0.17737858848161,0.001509443832761,-0.10004631299436,0.020822657310128,-0.112140959261029,0.059491692459928,0.276440818525354,-0.105682830627035,0.049912723701505,-0.020863999707909,-0.080914557431928,0.104270382050434,-0.350651776645479,-0.027476982222023,1,-0.047902345374293,-0.059194439624917,0.012658242246709,-0.069516605557362,-0.022181932627227,0.010313212315211,-0.001509443832761,-0.068691225623704,-0.031587837506482,-0.133882267710646,0.094236777522308,0.231931691582188,-0.04955874706577,-0.129286112066072,0.067983974782391,-0.087710473864124,0.053547950354642,-0.286550750935544,-0.374238456967404,0.005989376361049,-0.036632201688302,-0.043272344680112,-0.094930744676669,0.059733642553476,-0.171194927224068,0.107270952372247,-0.055411595020973,-0.093666152448445,-0.065649898225025,-0.05161435298389,0.028925568771125,0.231836390815891
attended_school___ethiopia_2015,-0.101751208096097,-0.015434997885535,-0.035503244300377,0.042810566316969,-0.009713550894366,-0.250446247960131,-0.020176438382779,-0.033012652928487,0.048749590108626,-0.135746871178978,0.096427319462471,-0.035570703304356,0.020305030102455,0.192276822859252,-0.42646657180567,-0.025573643378793,0.031529072708482,-0.13376068204628,0.009136921422046,0.013262213431321,0.102111558843898,0.086572918769225,0.077850690610294,-0.10502366958988,0.026826767498098,-0.20579803704923,0.06033027205374,0.056191114422822,0.121202551211973,0.062394789618969,-0.065192613857453,0.057253859525672,0.015705105161965,-0.070006212061258,1,0.010038377218162,0.106490560268945,-0.022345762238424,-0.080914557431928,0.055732815125259,0.056353858474864,0.125454324487975,0.067357902732891,0.077116304444304,0.001639845137612,0.20579803704923,0.167598219450503,0.212692329683136,-0.145694402956047,0.264101864874068,-0.116970286534092,-0.028502918505778,0.093630591222096,-0.062626081632579,-0.012787112894941,0.052649251241151,0.023762383714346,0.113648393711827,-0.202056388285207,0.055863301794419,0.02937070309803,-0.003983962263786,-0.016147011530925,-0.005229332899059,-0.051931003122211,-0.021352129410054,-0.082251842086534,-0.031422213385385,0.815150734334023,-0.02112582052305,-0.026653677155196
number_of_axe_owned___policy___ethiopia_2015,-0.285502652343947,-0.084480367126124,0.02211889680491,0.003021222991108,-0.11105285072279,-0.113500216716615,-0.054508904669448,-0.09061705722913,0.005639581491693,-0.048264418809243,-0.005613758328312,0.081650125616646,0.059755350500698,0.121922080675257,-0.008348734940163,-0.019576993328537,0.027550668743726,-0.064842427902082,-0.064531275676577,-0.009823986340227,0.220153595765345,-0.084921644254892,0.07435496470245,-0.285896593098354,-0.027423431286666,-0.18174330034497,0.141740756303192,0.159000884733781,-0.044083705434233,0.241688501481987,-0.047283918703876,0.039656337601709,0.017187131092216,-0.096599134484401,0.077116304444304,0.122889712738953,0.103248762525091,0.06242801764718,-0.022181932627227,0.083638438297064,0.315305971866534,-0.039194655892515,0.134868146085474,1,0.017385913240903,0.18174330034497,-0.062087136207464,-0.106015291845228,-0.316399831301369,0.080687794156996,-0.081161897676408,0.090041341477523,0.061379843440707,0.13541093154695,0.018317976196903,0.05022636894077,-0.198861437598105,0.082952380304119,0.110006798415338,-0.00341194833986,0.155538851896753,0.10308466772245,-0.016514064685748,0.022054336928212,0.112898814494729,-0.093210263307505,0.081108755456269,0.155927240346837,0.050185298927052,-0.088038459155766,0.165675199011193
food_expenditure_diversification___output___ethiopia_2015,-0.058428689826941,-0.009475243617251,0.00777530312907,0.003553789313022,0.052485801307651,-0.024896688263716,-0.012498513554789,-0.12832237767257,0.067315182747421,-0.054882815726713,1,-0.044431600244168,0.004171607438969,-0.004417011141366,-0.033067349552247,-0.010869439899463,0.048829633478878,-0.083486913069223,0.01465195667208,0.069747555373905,-0.049134287248361,0.115238043475464,0.06731944305657,0.010790556922138,0.04200595034468,0.029476191373783,0.01484828913767,-0.056419908534961,0.089792944106828,-0.043597548171049,-0.058277617864547,0.066475991429346,-0.034698447377888,0.02989055252215,0.096427319462471,0.015322110073622,0.049024728813884,-0.040186015968488,-0.056218510462005,0.063507998938619,-0.00607060270128,-0.007322324242781,0.09023209265511,-0.005613758328312,0.004664318395656,-0.029476191373783,0.065321421401131,0.04197662196829,-0.021116492179719,0.074488657565749,-0.088209726031153,0.01056831857655,0.097267602496834,-0.081544459145697,0.003096694149217,0.046713292038441,0.045541143887571,0.110564026623727,-0.102986463761163,0.085870089316616,0.023720259929411,-0.007010394751577,-0.065500164316913,0.046569287280686,-0.012203452750674,-0.017753089705203,-0.017264808069346,0.004182280994762,0.109410977958513,0.010575306257638,-0.061283275878792
lives_in_afar___ethiopia_2015,0.222833864010098,-0.134294293007735,1,0.016092569904546,-0.033806818181818,0.006069027927415,-0.057298789242877,-0.033659692185234,-0.018734333242239,0.228344737118789,0.00777530312907,-0.105580348479562,-0.062990230294592,-0.027373908469421,-0.024479934749196,0.091002441373295,-0.040540694467748,0.096961854814007,-0.010562771121496,-0.147647976424823,-0.107964026891369,-0.01439703975035,-0.045907866015325,0.141097765522926,-0.15871392559049,0.008521977721463,-0.085564637206294,-0.043358577900335,-0.00478539489617,0.023930386806969,0.029061478600569,0.058034534419969,0.036858936252062,0.013823410560614,-0.035503244300377,0.038513625036034,-0.268660316084005,-0.030102019418028,-0.047090229183418,-0.034389849202978,-0.034836316184658,0.006608782136865,-0.110359295148424,0.02211889680491,0.00748688037714,-0.008521977721463,0.13319385360011,-0.021369466651612,-0.096116191421238,0.062944514287631,-0.004617984754491,-0.071487145156732,-0.092816538798902,0.041416379255497,-0.062968732452246,0.045182876008389,-0.282560673574851,-0.305945750712814,-0.016315703703697,0.079521296217554,-0.031065898685765,-0.056305153658289,0.103771122998618,-0.119098195598065,0.25109945969726,0.079657107364922,-0.108462327338002,-0.092626148723998,-0.020932078185413,0.134450282630136,0.285413203656344
lives_in_oromiya___ethiopia_2015,-0.036654045263075,0.012323727044379,-0.092816538798902,-0.11441746150797,-0.092816538798902,0.028206991083791,-0.044073752660708,-0.092412604725697,0.084932761342361,-0.106369264800369,0.097267602496834,0.051818031501228,0.002651408229437,0.01770192692243,-0.000717814329002,0.03732893701687,0.052429813357829,-0.115367074276687,-0.012888629445658,0.16422441440035,-0.296414978687283,-0.008035263758273,0.001232153930173,-0.211088492997788,0.475307101469276,-0.004679750525762,-0.002448282005441,0.005028052701921,-0.082370004108083,0.044950185242518,-0.080732824553474,0.212707771156856,-0.011650749149802,-0.088669239861995,0.093630591222096,0.012252502591847,0.197063869006977,-0.014300573103753,-0.129286112066072,-0.094417249078863,0.216853069980904,0.020829374896388,0.201076043490311,0.061379843440707,0.038783115618336,0.004679750525762,0.023146738346587,-0.029734960261263,-0.263886774622581,0.061481957554449,-0.079792185465324,0.117943865158163,1,-0.09866423935663,-0.172880504972066,0.044592760875944,0.14669006678286,0.179477649858836,-0.056436404078274,-0.046700632282635,-0.085291350850665,0.131669174855044,-0.061221390823357,0.036209989604765,0.036316213426232,-0.129703198478688,-0.014362770368219,0.148778551748059,0.072047610014585,-0.044612020051255,-0.185449482794256
number_of_sickle_owned___policy___ethiopia_2015,-0.044262368477262,0.223502360267229,-0.108462327338002,-0.193796439181434,-0.102710179591535,-0.108647482979206,0.01009686379939,-0.103724670453031,0.112547355149955,-0.03368134923524,-0.017264808069346,0.52532190323697,0.172281323598666,0.183484190187258,0.110893298933045,-0.086438006982399,-0.085338308721042,0.003995265786067,-0.056709923767258,0.377015402303322,-0.105915541533704,0.014412431645111,0.069498265759777,0.219961717749956,0.215340093417783,-0.208359530353926,-0.115332572829708,0.023463891214906,0.065275200954852,0.241102339424371,0.009472934426282,0.165331122229351,0.040156287137579,-0.107819012757068,-0.082251842086534,0.018673983290248,-0.001138108227601,0.009515819361037,-0.093666152448445,0.022539327384188,0.098609087264739,-0.099326976604608,-0.106392277096444,0.081108755456269,0.002603501795008,0.208359530353926,-0.10467201645994,-0.119179683138718,0.180705755014328,0.132000413756733,0.076599060331669,0.095843293257728,-0.014362770368219,0.064797398832151,0.196563165833252,0.042578843835159,0.154783995162026,0.121050534070838,0.262643809157544,0.013748021981114,-0.048981540034594,0.3674807047541,-0.001704075151293,0.32531247308465,0.017270125207173,0.139136837395048,1,0.400073215909196,-0.027574807021231,0.082346334393621,-0.12131827746245
lives_in_tigray___ethiopia_2015,0.097607247172916,0.112691237361648,-0.062968732452246,0.002654590208288,-0.062968732452246,0.019467865880313,0.02206324501021,-0.062694694905563,-0.113112701115134,0.024372114030704,0.003096694149217,0.114806590036112,0.032760553673033,-0.042949071639726,0.036688773323829,-0.041251340193767,-0.01028314648997,0.08554470421564,0.01561252254943,0.083493718995086,-0.201094284804535,0.058260842615197,0.024051778278184,0.52880136455621,-0.141871364878427,0.054173502975253,-0.250748333506749,-0.023922784656459,0.049596432435907,-0.034970336876642,0.116197601733685,-0.032459682943617,-0.018078949049338,0.099148811247752,-0.012787112894941,-0.061730125678311,-0.377592586247562,-0.028080428847965,-0.087710473864124,-0.064054688669281,-0.231841088027982,-0.016977736314505,-0.232526798479503,0.018317976196903,-0.059464147888047,-0.054173502975253,-0.008680032133431,0.064404728312088,-0.179026452870615,0.00387671650826,0.153704309344906,0.025893591446846,-0.172880504972066,0.043228826184982,1,0.040852448067662,0.051551480969545,-0.136089019551569,0.004993351807711,0.065476792251654,-0.057863483401836,0.059706839267026,0.020413338393481,0.145579175530116,-0.035169283450569,0.221814404959914,0.196563165833252,0.023193585314097,0.011989509430147,0.047673079928145,0.071121959180527
uses_credit___policy___ethiopia_2015,-0.109332692155754,0.130053932332976,-0.062990230294592,-0.075538646976222,-0.049623149869942,-0.072659113730981,0.027707787265069,-0.029684867645081,0.151810338856229,-0.032254598076116,0.004171607438969,0.172113188264345,1,0.109726582217391,-0.017384647479944,-0.062330883434632,0.033651114345357,-0.034613334013869,-0.013569852839904,0.319513027075529,0.054566466113016,0.007955931764388,0.03097816841736,0.060247691498697,0.128362201599183,-0.098020118131832,-0.032203190006267,-0.007747871334824,-0.019470457304898,0.079255946289089,-0.045554594293209,0.181288436861215,0.234366116469738,-0.048878733328144,0.020305030102455,-0.042881141443461,0.09073157463095,0.039018599386608,-0.096679904276924,-0.050513212675673,0.068659660309666,-0.012858783301187,0.042187744727867,0.059755350500698,-0.020409448830674,0.098020118131832,-0.003768746705455,0.044456534473264,0.077278521485076,0.081302178673339,-0.015906975110227,0.063469230383313,0.002651408229437,-0.008445761478019,0.032760553673033,0.035704502051978,0.145084362083886,0.131949911017717,0.105091513037631,0.003347342840584,-0.060394011172056,0.169887753469647,-0.031601566760166,0.254462303836589,-0.074625125717334,-0.030687121303643,0.172281323598666,0.214039263188956,0.025586732148478,0.02295335979354,-0.131422639451643
household_head_is_polygamous___ethiopia_2015,-0.028693130361926,-0.037168564802935,0.038513625036034,-0.027307195875566,-0.027610224340901,-0.083685593299951,-0.022244756277757,-0.018895899550576,-0.005204527688313,-0.006359762616386,0.015322110073622,-0.002679943425376,-0.042881141443461,-0.301699634747183,0.049440257675151,0.003294453239223,-0.000519116105169,-0.006471051492137,-0.024391982189363,-0.052201655712683,0.037371489107827,-0.039852880061663,0.02302039961998,-0.139378323361062,-0.014066495988396,-0.093625728448022,0.047895952111819,0.093436244454988,-0.009207202462308,0.14031273907444,-0.005007455034089,0.01882666912273,-0.024232634366026,-0.051504878058974,0.010038377218162,1,-0.027908623677293,-0.022765508828788,0.104270382050434,0.06112092871292,0.056393478312688,-0.027915991430898,0.052041972811795,0.122889712738953,-0.000385220942652,0.093625728448022,-0.019934008144592,-0.042480336322368,-0.094726528873011,0.076609380973204,-0.042307373670072,0.020262818045327,0.012252502591847,0.045658238823902,-0.061730125678311,0.031333069922533,-0.110626210962481,-0.045877100916418,0.023906399183135,0.014052261881769,0.011777660675529,0.003156998987787,0.013932969494067,-0.027368940527495,0.076554932245624,-0.062374753353545,0.018673983290248,0.030206975223832,0.026496990697395,-0.013759564655831,0.094882851573503
rooting_conditions_:_moderate_constraint___ethiopia_2015,0.037321055933584,0.068022545287265,-0.057298789242877,0.021193593007826,0.032425324013781,0.002979337413815,1,-0.069739273858928,-0.044607772533061,-0.105858380695684,-0.012498513554789,0.01534771698905,0.027707787265069,0.016395757894602,0.01844316563768,-0.024909131368315,0.019528464466096,-0.068972051644901,0.014345481418464,0.041439349443564,0.128179916098593,-0.020504734706424,-0.048075886904779,-0.048935555460063,0.065941322443013,0.002859648806651,-0.026413311948684,0.082607125531539,0.017653299728851,-0.010852703181215,-0.091145989417348,-0.004721734035532,-0.007121397670625,-0.014624386441729,-0.020176438382779,-0.022244756277757,0.029432599141619,0.077424601206983,-0.065306245030659,-0.08001826939367,-0.038515464061592,-0.018008870241636,-0.429351037233893,-0.054508904669448,0.042100248234294,-0.002859648806651,0.014997181767731,0.001695701880815,0.03362913649782,0.014028011250072,-0.088817491590936,-0.068653313706845,-0.044073752660708,-0.072001536584161,0.02206324501021,0.022890496318802,0.123408280353686,-0.010679530761352,-0.005927701750216,-0.025823345159078,-0.072284104397259,0.058584727953188,-0.184182336194187,0.04693184433836,-0.109777446804083,-0.174488742893113,0.01009686379939,0.009548394556852,-0.019344470153162,-0.052609006930067,-0.099320095630171
rooting_conditions_:_no_or_slight_constraint___ethiopia_2015,-0.466712507033258,0.010293716324671,-0.110359295148424,-0.00253473600764,0.065782659002698,-0.004542046055082,-0.429351037233893,-0.180618450069394,0.202470051391604,-0.210437506895078,0.09023209265511,-0.059845074667465,0.042187744727867,-0.014207921512675,-0.043970770523995,-0.101829358691823,0.042411929983219,-0.24195719731762,-0.032000587821346,0.123770735356522,0.135731807529079,0.013084038564077,0.066254888715577,-0.288329098631464,0.046759745016753,0.001131300531929,0.144899213875111,-0.019260578119281,-0.004747179018719,0.028725690426139,-0.213810001412866,0.083386494778405,-0.028573053480953,-0.011442630475767,0.067357902732891,0.052041972811795,0.405010601097781,-0.009229068383963,-0.069516605557362,0.16508134231758,0.167975326468682,0.036591392645532,1,0.134868146085474,-0.01800820662077,-0.001131300531929,-0.010082370156707,-0.013989527399588,-0.169871584285336,0.019747326339352,-0.255627272812308,0.045751156483357,0.201076043490311,-0.115108844775139,-0.232526798479503,0.02173940214954,-0.045520940705683,0.417269707296121,-0.066870015171454,0.000103558176443,0.168356654878375,-0.004590169574574,-0.43205439771559,0.05132020691477,-0.034863073569713,-0.409315194261359,-0.106392277096444,0.065227973868398,0.053664581612879,-0.10906693316543,-0.037393051148133
has_borrowed___policy___ethiopia_2015,0.019495472739809,-0.008101746529825,0.036858936252062,-0.030855202797226,-0.025145261527987,-0.096197867826884,-0.007121397670625,0.081814464048767,0.053290359479761,0.081740503221254,-0.034698447377888,0.047662304044663,0.234366116469738,0.099322775381325,-0.055132630927029,0.029698638182629,0.000449630384731,0.036975538157818,-0.021858138338595,0.076311089664493,-0.070864690452205,0.020122342297975,0.007140740976706,0.059551626495256,0.032636416993744,-0.088565300239769,0.006371830307737,-0.028110049170505,-0.115016992618898,0.094918643639779,-0.038310565995674,0.041861414783622,1,0.011600568577244,0.015705105161965,-0.024232634366026,-0.026868512820387,0.002962447616197,0.049912723701505,-0.042470915222188,0.002988896647854,-0.042327079212341,-0.028573053480953,0.017187131092216,0.062807467077102,0.088565300239769,-0.002438760135787,0.036483012173331,0.050449228187302,0.117880661051912,0.088703048174667,0.030931680869009,-0.011650749149802,-0.004592292945359,-0.018078949049338,0.018536354897904,-0.021917887406949,-0.037131739662303,0.070762368192464,0.088339542724019,-0.00266516247384,0.015249437417143,0.06719719149123,0.079868164997485,-0.003981905797076,0.002492773456449,0.040156287137579,0.076545168764026,0.023583644843595,0.042171340809687,0.021705362667596
lives_in_gambella___ethiopia_2015,-0.276371349092778,-0.096186689116797,-0.031065898685765,0.063653549250011,-0.031065898685765,0.014937228166085,-0.072284104397259,-0.030930701067363,-0.076032230569064,0.033351562666171,0.023720259929411,-0.136437478130452,-0.060394011172056,-0.019644756490924,-0.021772319260039,-0.009463316945279,-0.036221801923197,-0.082684415637153,-0.02124216958447,-0.136012737473887,-0.099210742137168,0.050118779643709,-0.017908883202396,-0.114754886441147,-0.191322251719275,0.012162295090903,-0.035565119043149,-0.10471091511317,0.016823953228642,-0.00142774976592,-0.035996336617411,0.022538050901861,-0.00266516247384,0.016178656907042,0.02937070309803,0.011777660675529,0.080796922489434,-0.006771942983736,-0.043272344680112,-0.031601659919981,0.045453758798274,-0.000445137690625,0.168356654878375,0.155538851896753,0.03311270743487,-0.012162295090903,-0.017327535443693,-0.034158311446119,-0.088323481041456,0.025473876416053,-0.113534762653524,-0.065691257805741,-0.085291350850665,0.037651185624415,-0.057863483401836,0.011232163128315,-0.240601179588384,0.271200577535958,0.013517107158816,0.033765591271059,1,-0.107575485243843,-0.072739233124888,-0.070662537404166,-0.012326449636368,-0.068910936896735,-0.048981540034594,-0.070923506214254,0.04003225399111,-0.057745281518785,0.20613965697743
lives_in_benishangul_gumuz___ethiopia_2015,-0.283434594488361,-0.054937331155631,-0.034389849202978,-0.031808393418379,-0.034389849202978,-0.038664502818931,-0.08001826939367,-0.034240185877398,-0.03630000507457,-0.092716215385797,0.063507998938619,-0.044623101002144,-0.050513212675673,-0.002917940045669,-0.046415937888442,-0.065061004423612,0.101216138612659,-0.122771614292117,-0.011160270683601,-0.064296437624424,-0.109825970139279,0.018476664399582,0.051028823176297,0.095742391659243,-0.108382327490872,-0.012492955873161,0.041172556439249,0.073329514808642,0.029536335501147,-0.014785847284413,-0.039847828020491,-0.067202132992772,-0.042470915222188,0.01815417316028,0.055732815125259,0.06112092871292,0.142026788916238,-0.030621157629317,-0.047902345374293,1,0.091788299665596,0.005628938769778,0.16508134231758,0.083638438297064,0.061133812820888,0.012492955873161,-0.018494957541837,-0.005077361947445,-0.097773807377075,-0.024735683468643,-0.087418322997398,-0.019991615239926,-0.094417249078863,0.067525090638462,-0.064054688669281,0.011216876799291,-0.204359945546199,0.29408609792712,0.010000417589917,0.113619068866311,-0.031601659919981,-0.059327355676574,-0.051214662088063,-0.084353758397033,0.189764166074754,-0.076284183898421,0.022539327384188,0.034270623525056,0.028673923208828,-0.016587928468399,0.193699350097683
rooting_conditions_:_very_severe_constraint___ethiopia_2015,0.268728460218413,0.054249824508343,0.079657107364922,0.055353734365225,-0.074990893969346,0.016556254839272,-0.174488742893113,0.076178748151013,-0.125971719960669,0.128315385035079,-0.017753089705203,0.0950023792723,-0.030687121303643,-0.008214230096415,0.046741078604005,0.033878402797883,-0.045742424372213,0.159619808573734,-0.012617677488614,-0.059287140144403,-0.178295663256081,0.073389911415209,0.002902800563465,0.305956788646073,0.039934117586798,0.013054189888955,-0.10042245352733,-0.032255341541467,0.036764875364133,-0.039014096490217,-0.086892624284455,-0.101103739694781,0.002492773456449,0.04883274781718,-0.021352129410054,-0.062374753353545,-0.23877400913603,-0.056959719772925,-0.055411595020973,-0.076284183898421,-0.123581607475642,-0.007810059890464,-0.409315194261359,-0.093210263307505,-0.016865896223728,-0.013054189888955,-0.034763492778065,0.011180992033937,0.209809261957162,-0.017238033178437,0.178693792575279,0.017147108357337,-0.129703198478688,0.114229764269474,0.221814404959914,0.011100128841941,0.071263563871506,-0.230112805728047,0.015970178642491,0.012198195597414,-0.068910936896735,-0.00368484576209,-0.175587391623712,0.006849138018321,0.043734997483933,1,0.139136837395048,-0.041897638617571,-0.011484782526762,0.174768957817977,-0.012117077291896
children_education___output___ethiopia_2015,-0.049684251023155,0.164799963356917,-0.01439703975035,-0.003361972394052,-0.029108589214469,0.032892887534881,-0.020504734706424,0.009010646315746,0.038210928244779,-0.074124190021511,0.115238043475464,-0.007978058941237,0.007955931764388,-0.052051207065911,0.133489207788662,-0.006669976800956,0.005231153862891,-0.053226312491255,0.037891781416795,0.054500831343185,-0.041439937196603,1,0.013583384925259,0.126687049786124,0.022049446316149,0.07611143410076,0.047179061814766,-0.056671910602677,0.107904716027958,-0.127317180476219,-0.053855463528223,0.010301740645584,0.020122342297975,0.06527821573683,0.086572918769225,-0.039852880061663,0.086921302875984,0.006222642533922,-0.118387553432605,0.018476664399582,-0.0110476730604,0.011702138462773,0.013084038564077,-0.084921644254892,-0.010288476224062,-0.07611143410076,0.029008861909209,0.072844879312483,0.066965428984465,0.140637072832165,-0.042825138334182,0.026379725029702,-0.008035263758273,-0.108787957124286,0.058260842615197,0.010529534379844,0.111285301727816,0.133912458133768,-0.19386868633206,0.054044269786348,0.050118779643709,-0.015933674682825,-0.035631983975207,0.032204125167912,-0.056031814901455,0.073389911415209,0.014412431645111,-0.034453448534802,0.132406409847064,0.046138330804874,-0.089573821575231
increase_in_price_of_inputs___policy___ethiopia_2015,-0.06595990173074,0.071855541535251,-0.071487145156732,-0.067610709525779,0.05023200689396,-0.026460530636416,-0.068653313706845,-0.066693061250732,0.173685090430432,-0.028148765111807,0.01056831857655,0.094359524956988,0.063469230383313,0.041664338489019,0.039277592105582,0.070509306791854,0.048705047166809,0.106562341146382,-0.029386215717308,0.216633426852681,0.04434251366744,0.026379725029702,0.058341718659901,-0.046208673015663,0.124365780600751,-0.047423211263906,0.083006142421405,-0.055832967559975,-0.117718450542615,0.078353049311125,-0.002169268882594,0.094527781900267,0.030931680869009,-0.029854600883301,-0.028502918505778,0.020262818045327,0.08007881690716,0.085220302936043,-0.04955874706577,-0.019991615239926,0.094846094051464,-0.015352846394255,0.045751156483357,0.090041341477523,0.00104087355841,0.047423211263906,-0.026149601212459,-0.034661029294328,-0.079982426523963,0.00420078972437,0.079054185596802,1,0.117943865158163,0.027016641219951,0.025893591446846,0.00625675545005,0.04898756595364,0.108163402460401,0.110980050941386,0.034461949425619,-0.065691257805741,0.065853692443118,-0.008741620167584,0.184331489812953,-0.056137668139699,0.017147108357337,0.095843293257728,0.127418672131712,-0.034943932491744,0.037141216551202,-0.053265825357486
price_rise_of_food_item___policy___ethiopia_2015,0.236054443660822,-0.08761754288813,0.091002441373295,0.07905383962382,0.092196538552321,-0.011409190729046,-0.024909131368315,0.107595380735372,-0.054037331325034,0.176755199440947,-0.010869439899463,-0.067796927862664,-0.062330883434632,0.001468895169539,0.025475418664155,1,-0.01175270893256,0.348224535413221,-0.005286675890683,-0.159705012005026,-0.085161121568529,-0.006669976800956,-0.029673684027815,-0.064190448330109,-0.07846656557641,0.014638112145846,0.032631279251696,-0.050920330748375,-0.196486121128561,0.019575820965074,0.039726340442375,-0.068650392347788,0.029698638182629,0.026799629031551,-0.025573643378793,0.003294453239223,-0.202532881914376,-0.043868526014133,0.138017096778181,-0.065061004423612,0.067768453116884,-0.022212274934075,-0.101829358691823,-0.019576993328537,0.058432620175824,-0.014638112145846,0.02697067972307,-0.029282948097745,-0.089363307940541,0.009451157699304,0.213660079514984,0.070509306791854,0.03732893701687,-0.016554501412838,-0.041251340193767,0.004885335121623,-0.114116924355848,-0.211953541326992,-0.052452424870893,0.043442816562989,-0.009463316945279,-0.090514065527548,0.106304014640057,-0.113607100611793,0.013853464577112,0.033878402797883,-0.086438006982399,-0.133846387532539,-0.030934298605466,0.071361875166978,0.101949399386237
percentage_of_damaged_crop___policy___ethiopia_2015,0.450888602006759,-0.056642030714444,-0.004617984754491,-0.062040416854509,0.065039280825841,-0.048284889274799,-0.088817491590936,0.236879529394595,-0.079144115258913,0.374180144391668,-0.088209726031153,0.077715214258776,-0.015906975110227,0.027710634966136,0.058292288514884,0.213660079514984,0.022194818130393,0.528601592049477,0.020910771110837,-0.096124096880041,-0.214859208389054,-0.042825138334182,0.044791881717388,0.244476731540754,-0.138772803694453,-0.03015582288007,-0.122715892004799,-0.158678153284568,-0.178536536296867,0.021131936863725,0.22641886168717,-0.022472533638272,0.088703048174667,0.05428910858926,-0.116970286534092,-0.042307373670072,-0.462225728207247,-0.04055088237332,0.231931691582188,-0.087418322997398,-0.047247917804818,-0.013171827486981,-0.255627272812308,-0.081161897676408,-0.018297960554222,0.03015582288007,-0.021137762510609,-0.065160033978997,0.042206318967499,-0.024780393885708,1,0.079054185596802,-0.079792185465324,0.070412001133153,0.153704309344906,0.003898148627197,-0.197607765778612,-0.360608293706947,0.138163441626452,0.045118848080202,-0.113534762653524,0.00690436825985,0.158271225996663,-0.024755560129258,-0.003666019947401,0.178693792575279,0.076599060331669,0.067090455372461,-0.095448285616865,0.07680442173361,0.225130499327906
amount_of_assistance_received___policy___ethiopia_2015,0.419927165063438,-0.123326402370821,0.228344737118789,0.027914938977871,0.002436766401957,0.081760149514624,-0.105858380695684,0.225759654064821,-0.084668924255511,1,-0.054882815726713,-0.061525662722689,-0.032254598076116,-0.068883504172741,0.108323711249114,0.176755199440947,-0.054537695835507,0.446434358576816,0.033860999964568,-0.174185582157901,-0.202680186519951,-0.074124190021511,-0.082815525097846,0.125924327022424,-0.201495228688444,0.067248368942891,-0.156248210141696,-0.095849913813709,-0.227359223599137,0.003857479836494,0.138221347378169,-0.043662105947363,0.081740503221254,0.013480127188016,-0.135746871178978,-0.006359762616386,-0.450935792979818,-0.047050973124272,0.261203978488881,-0.092716215385797,-0.048424973085697,-0.032891517418758,-0.210437506895078,-0.048264418809243,0.037780880675109,-0.067248368942891,-0.028027104354344,-0.091831527000047,-0.021234695533798,-0.048526890347124,0.374180144391668,-0.028148765111807,-0.106369264800369,0.095199724364414,0.024372114030704,0.002881090640093,-0.232566441021002,-0.407973372648057,0.088097497994275,0.07122264424776,0.033351562666171,-0.090579433680214,0.189669547438388,-0.150057254045591,0.076786321146231,0.128315385035079,-0.03368134923524,-0.117130173757114,-0.1424990568015,0.162804888487449,0.232891671826995
household_head_never_married___ethiopia_2015,-0.004731634348644,-0.049343606433241,0.006608782136865,-0.005317384013927,-0.004412960975262,-0.061713726568998,-0.018008870241636,0.007111427021691,-0.006451304477681,-0.032891517418758,-0.007322324242781,-0.090065770066225,-0.012858783301187,-0.22248762338362,-0.181128315458307,-0.022212274934075,-0.020671708565238,-0.036770813873697,-0.017987804829378,-0.054486202004097,0.014576601673136,0.011702138462773,-0.005145706105532,-0.015699995482876,-0.044245926952274,0.033892939423358,0.013913330323769,-0.026426801944999,0.011231618539516,-0.161120165265616,0.027612948319037,0.007400638051318,-0.042327079212341,-0.037982140487531,0.125454324487975,-0.027915991430898,0.010208269094433,-0.023556687066112,0.012658242246709,0.005628938769778,-0.057675276850439,1,0.036591392645532,-0.039194655892515,-0.016217401888756,-0.033892939423358,0.068868864886315,0.106624187304636,-0.036887475803773,-0.005498279146363,-0.013171827486981,-0.015352846394255,0.020829374896388,-0.028575831866649,-0.016977736314505,0.002220684134926,-0.01295032935444,0.022982633701004,-0.077696965242557,-0.005418456249814,-0.000445137690625,-0.037479842577658,-0.039973321694858,-0.045806115452684,-0.010466406146541,-0.007810059890464,-0.099326976604608,-0.094581007786303,0.122710906466289,-0.024187765266279,0.007835433931018
household_head_is_separated___ethiopia_2015,0.03338532228158,-0.013089643263988,-0.010562771121496,0.000963308180655,0.014545057245462,-0.053923218992112,0.014345481418464,0.015056368289451,-0.034837667834903,0.033860999964568,0.01465195667208,-0.081083032102949,-0.013569852839904,-0.194401626765095,-0.009010371954142,-0.005286675890683,0.0151248888613,-0.004566212185391,1,-0.044376408496608,-0.027618253315603,0.037891781416795,-0.023338129962374,0.035654654179021,-0.039736855000384,0.157805061995825,-0.055706164085399,-0.005877159174058,0.003877851874687,-0.091726940785412,0.03952913402017,-0.007906061700026,-0.021858138338595,-0.033187418637059,0.009136921422046,-0.024391982189363,-0.035626725416093,-0.020582979930315,0.024123711210405,-0.011160270683601,-0.069969965778296,-0.017987804829378,-0.032000587821346,-0.064531275676577,-0.008097671974473,-0.157805061995825,0.039919117138748,0.060952934116996,0.021493066573963,-0.031568075484267,0.020910771110837,-0.029386215717308,-0.012888629445658,0.008322631677388,0.01561252254943,-0.004572369485864,0.00689047056424,-0.037128456260837,-0.032025721421102,0.022509183577738,-0.02124216958447,-0.047495754248838,0.020199997456297,-0.04026820825828,-0.019252087645181,-0.012617677488614,-0.056709923767258,-0.080300036664213,-0.003937738408818,-0.00392389039994,0.004220705426249
number_of_pick_axe_owned___policy___ethiopia_2015,-0.214408177103735,-0.016936641035213,-0.034836316184658,-0.069558763304033,-0.025634443094011,-0.0695206884379,-0.038515464061592,0.044162976497425,0.061362144985342,-0.048424973085697,-0.00607060270128,0.122475900464627,0.068659660309666,0.137529702143358,0.022973636321711,0.067768453116884,0.046611812791873,-0.027019935842974,-0.069969965778296,0.088092456982849,0.194659154475605,-0.0110476730604,0.044041836168763,-0.308040243640056,0.086448447190461,-0.153788596728453,0.183978789123653,0.049369319624444,-0.072098748619114,0.197585662129436,-0.07124955858784,0.085950184930548,0.002988896647854,-0.126256499335924,0.056353858474864,0.056393478312688,0.243220737237965,0.042620104891091,-0.059194439624917,0.091788299665596,1,-0.057675276850439,0.167975326468682,0.315305971866534,0.048265002952398,0.153788596728453,-0.063481518038095,-0.125920542947301,-0.263213545751295,0.09445026641643,-0.047247917804818,0.094846094051464,0.216853069980904,0.020944958423002,-0.231841088027982,-0.006040833794807,-0.023847993391494,0.177523975912414,0.122418886510676,-0.033659756962693,0.045453758798274,0.10963989145181,-0.035311290652325,0.060711324250412,0.026663761314218,-0.123581607475642,0.098609087264739,0.20346392475187,0.034479128040983,-0.032225064910903,-0.029848267358974
owns_land_certificate___policy___ethiopia_2015,-0.097662182699416,1,-0.134294293007735,-0.083866810699307,-0.043473067344995,0.003170107080312,0.068022545287265,-0.189201235661693,0.105984836721028,-0.123326402370821,-0.009475243617251,0.179615117082733,0.130053932332976,0.032176459326069,0.226918235529341,-0.08761754288813,0.022834160168999,-0.113416273199427,-0.013089643263988,0.28200857413764,0.042117643336808,0.164799963356917,-0.006450034290608,0.157091611793451,0.247813771476224,-0.021213843537683,-0.040246912571859,0.016998354588657,0.091883342640206,0.006076333786639,-0.053036406891915,0.115163512250151,-0.008101746529825,-0.006129745073961,-0.015434997885535,-0.037168564802935,0.178629652455182,0.054536785659679,-0.220372142566506,-0.054937331155631,-0.016936641035213,-0.049343606433241,0.010293716324671,-0.084480367126124,-0.004188637049597,0.021213843537683,-0.029870801235627,0.038672094906992,0.20947756175794,0.03519809904716,-0.056642030714444,0.071855541535251,0.012323727044379,-0.062198409413247,0.112691237361648,-0.007192826459149,0.351895606294548,0.210450184540634,-0.025823574786239,-0.016072185893201,-0.096186689116797,0.159665885721747,-0.101197752870587,0.217464425504798,-0.127518561480945,0.054249824508343,0.223502360267229,0.144182007539899,0.029186325116656,-0.032812443451227,-0.304326213037839
has_a_bank_account___policy___ethiopia_2015,-0.013677251671078,0.038672094906992,-0.021369466651612,-0.015855464044188,-0.021369466651612,-0.045273810459826,0.001695701880815,-0.02102427092645,0.059728789241716,-0.091831527000047,0.04197662196829,-0.124912664761141,0.044456534473264,-0.038502628760004,-0.158186544317036,-0.029282948097745,-0.004536383677745,-0.091542308843659,0.060952934116996,-0.025107199277147,-0.056412793610999,0.072844879312483,0.04372592641505,0.117484526569409,-0.008514394030028,0.045341910564134,-0.060710694989762,-0.034281499102163,0.108737632624958,-0.163139062073481,-0.022876035856273,0.000871265209649,0.036483012173331,0.079016574285703,0.212692329683136,-0.042480336322368,0.019841221738693,-0.019088916549364,-0.031587837506482,-0.005077361947445,-0.125920542947301,0.106624187304636,-0.013989527399588,-0.106015291845228,-0.004830599709633,-0.045341910564134,0.50555752503379,1,0.103111460386614,0.129431796593333,-0.065160033978997,-0.034661029294328,-0.029734960261263,-0.06573985083561,0.064404728312088,-0.010440964069554,0.10250831037281,0.035489253713109,-0.244498631950349,0.083320137000958,-0.034158311446119,-0.05918178851854,0.017563016236605,-0.017025842839775,-0.068389229588218,0.011180992033937,-0.119179683138718,-0.096370221125653,0.209478082970234,0.009507685769489,-0.083811647676315
weight___ethiopia_2015,-0.134569095365204,0.247813771476224,-0.15871392559049,-0.132343050609737,-0.296000654910095,-0.045238757345367,0.065941322443013,-0.26285704063281,0.148971905521706,-0.201495228688444,0.04200595034468,0.177827446413508,0.128362201599183,0.101663988040724,0.008787824215999,-0.07846656557641,0.018488500084017,-0.155986110280552,-0.039736855000384,0.339089099794648,-0.082270183646287,0.022049446316149,-0.004394973004792,-0.028137376107125,1,-0.098796851440267,-0.052355196870786,0.074182815221655,-0.021855340854373,0.03712573856602,-0.122954108359157,0.182594070737735,0.032636416993744,-0.065171721567644,0.026826767498098,-0.014066495988396,0.308455963764807,0.017121919209352,-0.17737858848161,-0.108382327490872,0.086448447190461,-0.044245926952274,0.046759745016753,-0.027423431286666,-0.043279791630081,0.098796851440267,-0.024606325712495,-0.008514394030028,0.266167154928362,0.058160802265524,-0.138772803694453,0.124365780600751,0.475307101469276,-0.030833950889629,-0.141871364878427,-0.027268859928489,0.338111686310255,0.228120954127654,0.046274583952874,-0.137825205745096,-0.191322251719275,0.226679066746028,-0.09589768814255,0.212702764699724,-0.034474424389559,0.039934117586798,0.215340093417783,0.215024161719004,0.071106734811347,-0.065249714390583,-0.359715947170566
crop_diversification___policy___ethiopia_2015,-0.222982057353619,-0.040246912571859,-0.085564637206294,0.055270956075343,0.126805162610561,-0.022716399508454,-0.026413311948684,0.032838812934186,0.079424115731854,-0.156248210141696,0.01484828913767,-0.064377626519481,-0.032203190006267,0.030941262820738,0.015594565611072,0.032631279251696,-0.001277286663917,-0.106904386659329,-0.055706164085399,0.0114412090916,0.345258646354194,0.047179061814766,-0.005377827602714,-0.375804401326727,-0.052355196870786,-0.053316365738545,1,0.043524203946146,0.005966977141331,0.082011852043243,-0.12748608151748,-0.09176855327356,0.006371830307737,-0.044303142222556,0.06033027205374,0.047895952111819,0.317871674957324,0.046636370545631,-0.10004631299436,0.041172556439249,0.183978789123653,0.013913330323769,0.144899213875111,0.141740756303192,-0.011087735734731,0.053316365738545,0.084248253147993,-0.060710694989762,-0.202266789145869,0.010745418609168,-0.122715892004799,0.083006142421405,-0.002448282005441,-0.016740468539463,-0.250748333506749,-0.027518497120338,-0.080853660817481,0.070468264328421,0.054033395144603,0.025026558971326,-0.035565119043149,-0.054010753148142,-0.008456381658578,0.000566520690041,-0.092256429568691,-0.10042245352733,-0.115332572829708,0.013749616744917,0.033960144163485,0.076319805431828,0.041842388153522
illness_of_household_member___policy___ethiopia_2015,-0.039050887366563,-0.004188637049597,0.00748688037714,-0.004248967209651,-0.000594342491813,-0.008229034495005,0.042100248234294,-0.023666108539083,-0.004209716946926,0.037780880675109,0.004664318395656,-0.042996295636041,-0.020409448830674,0.014998998011393,0.074193976635718,0.058432620175824,0.025077242453794,-0.01443072159469,-0.008097671974473,-0.078265269160039,0.016204251471911,-0.010288476224062,-0.009512144821783,-0.085200626216849,-0.043279791630081,0.010005138296319,-0.011087735734731,0.082226392538314,-0.094675779037775,0.018813844466084,-0.036189401328224,-0.005637263979271,0.062807467077102,-0.001993048707765,0.001639845137612,-0.000385220942652,-0.020441259100655,-0.009371301621576,0.010313212315211,0.061133812820888,0.048265002952398,-0.016217401888756,-0.01800820662077,0.017385913240903,1,-0.010005138296319,-0.00520243886129,-0.004830599709633,-0.049811200168852,0.030023978044183,-0.018297960554222,0.00104087355841,0.038783115618336,0.034138900008304,-0.059464147888047,-0.032900950171173,-0.041288690064225,0.010628409558173,-0.088062173499241,0.272353152192838,0.03311270743487,-0.027780631950775,0.019350575897361,-0.06951768296138,0.095836687659277,-0.016865896223728,0.002603501795008,-0.068601136336815,-0.002246883880776,-0.000688729367686,0.030428320844958
lives_in_dire_dawa___ethiopia_2015,0.266335190693811,-0.189201235661693,-0.033659692185234,0.0023186531714,-0.033659692185234,0.003158772356366,-0.069739273858928,1,-0.074682344521812,0.225759654064821,-0.12832237767257,-0.003903270140663,-0.029684867645081,0.008115735514447,0.003527168494113,0.107595380735372,-0.033983663522685,0.18605870493578,0.015056368289451,-0.14393116019501,-0.107494171521774,0.009010646315746,-0.067862561517313,0.049094935922338,-0.26285704063281,-0.015113753537878,0.032838812934186,-0.212296773111109,-0.047169356075227,-0.009367009721544,0.044735745936131,-0.113035616945932,0.081814464048767,-0.016811043254805,-0.033012652928487,-0.018895899550576,-0.185968315354284,-0.02028457651069,-0.046885294283578,-0.034240185877398,0.044162976497425,0.007111427021691,-0.180618450069394,-0.09061705722913,-0.023666108539083,0.015113753537878,-0.036204811318717,-0.02102427092645,-0.095697897384376,0.020174475274794,0.236879529394595,-0.066693061250732,-0.092412604725697,-0.026711947747745,-0.062694694905563,-0.033522916415116,-0.137236523736975,-0.258357716788989,0.065858714670353,0.050761805370904,-0.030930701067363,-0.074929476710296,0.220194119230799,-0.106315124411952,-0.152452870758034,0.076178748151013,-0.103724670453031,-0.029680700989884,-0.054913564550469,0.124860185633116,0.151102320832595
household_head_is_divorced___ethiopia_2015,-0.001428398763715,-0.006129745073961,0.013823410560614,0.047651949292337,-0.011230763882287,-0.113861546682631,-0.014624386441729,-0.016811043254805,-0.035765153216696,0.013480127188016,0.02989055252215,-0.145660778912116,-0.048878733328144,-0.410488659891227,-0.015232804647351,0.026799629031551,-0.034989303237125,-0.000822711611849,-0.033187418637059,-0.114671033733379,-0.084107298098797,0.06527821573683,-0.027547919739085,0.145601518592062,-0.065171721567644,0.275853864789162,-0.044303142222556,-0.052807595904945,-0.001961845984301,-0.24585354972381,-0.01218778680445,-0.094780612104652,0.011600568577244,1,-0.070006212061258,-0.051504878058974,-0.045657884244137,-0.02242495383643,-0.020863999707909,0.01815417316028,-0.126256499335924,-0.037982140487531,-0.011442630475767,-0.096599134484401,-0.001993048707765,-0.275853864789162,0.046796478617063,0.079016574285703,0.105949308235165,-0.12896724207235,0.05428910858926,-0.029854600883301,-0.088669239861995,-0.024527073387689,0.099148811247752,-0.045992768353402,0.003494538320221,0.009045258894091,-0.072689129843082,0.045981640246185,0.016178656907042,-0.151644400671358,-0.009038579102433,-0.08543173540175,0.010882745963943,0.04883274781718,-0.107819012757068,-0.163860079164966,-0.09027597323967,-0.018036697811952,0.016339395809744
rooting_conditions_:_mainly_non-soil___ethiopia_2015,0.236965527269089,-0.053036406891915,0.029061478600569,-0.063058293935203,-0.03917226472492,0.017411903956311,-0.091145989417348,0.044735745936131,-0.006369241148742,0.138221347378169,-0.058277617864547,-0.016717563559622,-0.045554594293209,-0.024430185459305,0.031759255220374,0.039726340442375,-0.008824835149747,0.152291896614863,0.03952913402017,-0.106239566920291,-0.125098890389856,-0.053855463528223,0.05141352891978,0.116927039572738,-0.122954108359157,0.009438109457735,-0.12748608151748,-0.031393089957373,-0.01912359769852,-0.001751190613609,1,-0.041831099250033,-0.038310565995674,-0.01218778680445,-0.065192613857453,-0.005007455034089,-0.219705792800745,-0.017834777940819,0.276440818525354,-0.039847828020491,-0.07124955858784,0.027612948319037,-0.213810001412866,-0.047283918703876,-0.036189401328224,-0.009438109457735,-0.041153446588689,-0.022876035856273,-0.019409862425663,0.0001662259722,0.22641886168717,-0.002169268882594,-0.080732824553474,0.060184981863478,0.116197601733685,-0.049700811079599,-0.084182700451762,-0.165182844537262,0.000446704033276,-0.030225048955446,-0.035996336617411,-0.024503344974182,-0.091719879881067,-0.067430105383632,0.012378664563944,-0.086892624284455,0.009472934426282,-0.008286421548816,-0.049479444576667,-0.040423241874885,0.098392225494417
lives_in_amhara___ethiopia_2015,0.030386536219038,0.20947756175794,-0.096116191421238,-0.148132840892907,-0.096116191421238,0.008116880646287,0.03362913649782,-0.095697897384376,0.026024727722823,-0.021234695533798,-0.021116492179719,0.090878437493499,0.077278521485076,-0.019464111327288,0.043910211045927,-0.089363307940541,-0.057426702011925,-0.062132606027417,0.021493066573963,0.066112944803967,-0.306952609958409,0.066965428984465,-0.062520298130349,0.485195694954144,0.266167154928362,0.019875244886726,-0.202266789145869,-0.111689185429578,0.128119607560788,-0.156666026884449,-0.019409862425663,-0.003687598377739,0.050449228187302,0.105949308235165,-0.145694402956047,-0.094726528873011,0.099508857592104,-0.02695933192356,-0.133882267710646,-0.097773807377075,-0.263213545751295,-0.036887475803773,-0.169871584285336,-0.316399831301369,-0.049811200168852,-0.019875244886726,-0.005775237088193,0.103111460386614,1,-0.071598416944253,0.042206318967499,-0.079982426523963,-0.263886774622581,0.02997511294307,-0.179026452870615,-0.050486722045912,0.271291012702544,0.152225419877799,-0.028375774713995,-0.043589203189584,-0.088323481041456,0.100937289135952,0.00899619404382,0.096313929220732,0.011250602868569,0.209809261957162,0.180705755014328,0.056371517529527,-0.084133254538411,0.06119252061846,-0.232058955780824
heavy_rains_preventing_work___ethiopia_2015,-0.110130002290949,0.054536785659679,-0.030102019418028,-0.049813956464857,-0.020454994530676,-0.01360117193123,0.077424601206983,-0.02028457651069,0.004097709590191,-0.047050973124272,-0.040186015968488,0.018095640220429,0.039018599386608,0.045237864006,0.03465934771162,-0.043868526014133,-0.005109758783869,-0.077352909446788,-0.020582979930315,0.049602786268091,0.117404580298259,0.006222642533922,-0.01800840290379,-0.088749982127167,0.017121919209352,-0.031986867169445,0.046636370545631,0.048619516704279,-0.050458009092125,0.039729802524494,-0.017834777940819,-0.033142445665639,0.002962447616197,-0.02242495383643,-0.022345762238424,-0.022765508828788,0.130226721254072,1,-0.027476982222023,-0.030621157629317,0.042620104891091,-0.023556687066112,-0.009229068383963,0.06242801764718,-0.009371301621576,0.031986867169445,-0.008634625037968,-0.019088916549364,-0.02695933192356,-0.013723197280151,-0.04055088237332,0.085220302936043,-0.014300573103753,-0.005396261325479,-0.028080428847965,-0.051441708329327,0.077363992108103,0.06247983573271,-0.022634341133357,0.00819542572857,-0.006771942983736,-0.003066946871368,0.000958367098141,0.086589271737056,0.010920653281994,-0.056959719772925,0.009515819361037,0.015831065116577,-0.021671799182383,-0.024747146508307,-0.085260139167724
rooting_conditions_:_severe_constraint___ethiopia_2015,0.211244134944431,-0.101197752870587,0.103771122998618,-0.058061256837188,-0.028107260778404,-0.021097690600266,-0.184182336194187,0.220194119230799,-0.113369710059525,0.189669547438388,-0.065500164316913,-0.01433126207414,-0.031601566760166,0.022851850883327,-0.017990918587339,0.106304014640057,-0.028067064814756,0.161541369889512,0.020199997456297,-0.092789311287852,-0.070846818695621,-0.035631983975207,-0.073119159296342,0.082413889508609,-0.09589768814255,-0.020450410752699,-0.008456381658578,-0.002939479716594,-0.03753025514692,0.008507263922832,-0.091719879881067,0.009971493501429,0.06719719149123,-0.009038579102433,-0.016147011530925,0.013932969494067,-0.23055546227695,0.000958367098141,0.059733642553476,-0.051214662088063,-0.035311290652325,-0.039973321694858,-0.43205439771559,-0.016514064685748,0.019350575897361,0.020450410752699,0.048737384054872,0.017563016236605,0.00899619404382,-0.026453047687818,0.158271225996663,-0.008741620167584,-0.061221390823357,0.084021258511661,0.020413338393481,-0.054834098696526,-0.077478413975897,-0.246396224923262,0.081243315357894,0.030528637912301,-0.072739233124888,-0.033370818809551,1,-0.084364194609338,0.105595810689985,-0.175587391623712,-0.001704075151293,-0.055764794130716,-0.016224811239334,0.053897117946891,0.102751625376001
household_head_age___ethiopia_2015,0.069994634730495,0.226918235529341,-0.024479934749196,-0.082624248976881,-0.000244194394611,0.29271317371086,0.01844316563768,0.003527168494113,-0.025412789647944,0.108323711249114,-0.033067349552247,0.053745180559475,-0.017384647479944,-0.187426578811016,1,0.025475418664155,0.025870279839338,0.083425542060273,-0.009010371954142,0.015149109964815,-0.046303853668263,0.133489207788662,-0.021735894480939,0.04606680407989,0.008787824215999,0.118191972816854,0.015594565611072,-0.041215746648056,-0.074222805047881,-0.045043649149929,0.031759255220374,-0.025445302168189,-0.055132630927029,-0.015232804647351,-0.42646657180567,0.049440257675151,-0.047995539673091,0.03465934771162,0.029130915411894,-0.046415937888442,0.022973636321711,-0.181128315458307,-0.043970770523995,-0.008348734940163,0.074193976635718,-0.118191972816854,-0.182331080050733,-0.158186544317036,0.043910211045927,-0.11867886811969,0.058292288514884,0.039277592105582,-0.000717814329002,-0.016193882331046,0.036688773323829,-0.060639845322853,0.061189199014196,-0.046962860432232,0.071726224089017,0.004859744109348,-0.021772319260039,0.03544649969457,-0.017990918587339,-0.002583857171322,-0.026753429247205,0.046741078604005,0.110893298933045,0.049343466006575,-0.350707456886932,0.019034231910252,-0.049106540671174
distance_to_road___ethiopia_2015,-0.083846261394503,-0.062198409413247,0.041416379255497,-0.144821886421863,-0.13365458884533,-0.014869494609743,-0.072001536584161,-0.026711947747745,-0.123995400976382,0.095199724364414,-0.081544459145697,0.062976581841492,-0.008445761478019,0.012943820630454,-0.016193882331046,-0.016554501412838,-0.041312376896266,0.044718287333205,0.008322631677388,-0.089168576950742,0.001244834304427,-0.108787957124286,-0.04458088206237,0.008192710477152,-0.030833950889629,-0.01439476494819,-0.016740468539463,0.305942507563614,-0.067070038860745,0.025735022120064,0.060184981863478,0.038416933879151,-0.004592292945359,-0.024527073387689,-0.062626081632579,0.045658238823902,-0.022521335094253,-0.005396261325479,0.067983974782391,0.067525090638462,0.020944958423002,-0.028575831866649,-0.115108844775139,0.13541093154695,0.034138900008304,0.01439476494819,-0.019250113556484,-0.06573985083561,0.02997511294307,-0.03343676833909,0.070412001133153,0.027016641219951,-0.09866423935663,1,0.043228826184982,-0.068745595560927,-0.090646207609112,-0.052290512731341,0.115895433974018,0.00659875242107,0.037651185624415,0.049194567285977,0.084021258511661,-0.012267423111248,0.396047672899142,0.114229764269474,0.064797398832151,0.079369187779782,-0.085457006976133,-0.006007989559481,0.113712797449611
variations_in_greenness___ethiopia_2015,-0.751618063604944,0.210450184540634,-0.305945750712814,-0.177841187079466,-0.071914951293929,-0.023085123693263,-0.010679530761352,-0.258357716788989,0.218881226981558,-0.407973372648057,0.110564026623727,0.04747531314944,0.131949911017717,0.035334206704335,-0.046962860432232,-0.211953541326992,0.037266008057605,-0.476313156809317,-0.037128456260837,0.23199546706754,0.028014519959582,0.133912458133768,0.021404220243239,0.034357375567828,0.228120954127654,-0.008028242190468,0.070468264328421,-0.094129181994927,0.105401476643619,-0.058224914024454,-0.165182844537262,0.168294785936323,-0.037131739662303,0.009045258894091,0.113648393711827,-0.045877100916418,0.707621981420752,0.06247983573271,-0.374238456967404,0.29408609792712,0.177523975912414,0.022982633701004,0.417269707296121,0.082952380304119,0.010628409558173,0.008028242190468,-0.048378881753691,0.035489253713109,0.152225419877799,0.027079388868632,-0.360608293706947,0.108163402460401,0.179477649858836,-0.052290512731341,-0.136089019551569,-0.081168241245498,0.147507532183549,1,-0.033760533839458,0.025921730038879,0.271200577535958,0.08990300732041,-0.246396224923262,0.141864874776499,-0.022778726226391,-0.230112805728047,0.121050534070838,0.15869911095316,0.102923741602667,-0.15191553703385,-0.162190509529452
household_head_is_widowed___ethiopia_2015,0.0328222031427,0.003170107080312,0.006069027927415,0.00561024347638,-0.015275784579207,1,0.002979337413815,0.003158772356366,-0.041396431978416,0.081760149514624,-0.024896688263716,-0.161799257016371,-0.072659113730981,-0.666965699958857,0.29271317371086,-0.011409190729046,-0.014932871202126,0.013625751442481,-0.053923218992112,-0.085053254848975,-0.0316938076211,0.032892887534881,-0.038155432430939,0.018697197076916,-0.045238757345367,0.605004295087485,-0.022716399508454,-0.004557814000431,-0.067953634417873,-0.324989663840817,0.017411903956311,-0.046568576957418,-0.096197867826884,-0.113861546682631,-0.250446247960131,-0.083685593299951,-0.023913505963079,-0.01360117193123,-0.004777191367727,-0.038664502818931,-0.0695206884379,-0.061713726568998,-0.004542046055082,-0.113500216716615,-0.008229034495005,-0.605004295087485,-0.04767388645713,-0.045273810459826,0.008116880646287,-0.234938489018091,-0.048284889274799,-0.026460530636416,0.028206991083791,-0.014869494609743,0.019467865880313,-0.09886860457956,0.033424338764698,-0.023085123693263,-0.014449029589576,-0.033895913065357,0.014937228166085,-0.137578135599878,-0.021097690600266,-0.078817939108581,0.02299682071176,0.016556254839272,-0.108647482979206,-0.178925827630201,-0.275730191064596,-0.010672436265622,-0.020698020391496
distance_to_population_center___ethiopia_2015,-0.107368566625661,-0.127518561480945,0.25109945969726,-0.231591385741145,-0.273067003247463,0.02299682071176,-0.109777446804083,-0.152452870758034,-0.100389987638662,0.076786321146231,-0.012203452750674,-0.011825232888298,-0.074625125717334,-0.047298975007445,-0.026753429247205,0.013853464577112,-0.031394554197549,-0.028572729416068,-0.019252087645181,-0.197928784510096,-0.081504860395489,-0.056031814901455,-0.041413166699165,0.03119220011468,-0.034474424389559,0.039657941242563,-0.092256429568691,0.492480265260231,-0.042054070228261,-0.00356347954895,0.012378664563944,-0.0436849460443,-0.003981905797076,0.010882745963943,-0.051931003122211,0.076554932245624,-0.06465564790418,0.010920653281994,0.107270952372247,0.189764166074754,0.026663761314218,-0.010466406146541,-0.034863073569713,0.112898814494729,0.095836687659277,-0.039657941242563,-0.013650230843005,-0.068389229588218,0.011250602868569,-0.013649200689763,-0.003666019947401,-0.056137668139699,0.036316213426232,0.396047672899142,-0.035169283450569,-0.101733519414228,-0.236538516170944,-0.022778726226391,-0.091652763119669,0.037927648452616,-0.012326449636368,0.037701988556696,0.105595810689985,-0.143675785882656,1,0.043734997483933,0.017270125207173,0.024911320372544,-0.065248479312175,-0.031566563696161,0.248256277783016
household_head_is_female___ethiopia_2015,0.026593331598874,-0.021213843537683,0.008521977721463,0.039124167011527,-0.026481923092224,0.605004295087485,0.002859648806651,-0.015113753537878,-0.05736202894542,0.067248368942891,0.029476191373783,-0.285993950430278,-0.098020118131832,-0.646654366949741,0.118191972816854,0.014638112145846,-0.012870570470156,0.008301069565247,0.157805061995825,-0.147536380550393,-0.039187472941244,0.07611143410076,-0.054540832754503,0.052943285997659,-0.098796851440267,1,-0.053316365738545,-0.000903291395299,-0.062707298036257,-0.396966837957912,0.009438109457735,-0.073670149746178,-0.088565300239769,0.275853864789162,-0.20579803704923,-0.093625728448022,-0.049984715422835,-0.031986867169445,0.001509443832761,-0.012492955873161,-0.153788596728453,0.033892939423358,0.001131300531929,-0.18174330034497,0.010005138296319,-1,0.025563827370937,0.045341910564134,0.019875244886726,-0.226390755613117,-0.03015582288007,-0.047423211263906,-0.004679750525762,-0.01439476494819,0.054173502975253,-0.125541379054496,0.030110178306575,-0.008028242190468,-0.096529738032831,-0.015887720285151,0.012162295090903,-0.242619332656701,-0.020450410752699,-0.135080575451031,0.039657941242563,0.013054189888955,-0.208359530353926,-0.304345022966481,-0.259698286737882,-0.045707203494879,-0.017435021662523
elevation___ethiopia_2015,-0.007334418503112,0.351895606294548,-0.282560673574851,-0.141245398249925,-0.023045780853097,0.033424338764698,0.123408280353686,-0.137236523736975,0.076746980926076,-0.232566441021002,0.045541143887571,0.156238328890936,0.145084362083886,0.019128408169892,0.061189199014196,-0.114116924355848,0.017401375571027,-0.162340457260841,0.00689047056424,0.349215938982758,0.086555625742295,0.111285301727816,-0.102433951639648,0.101412296460863,0.338111686310255,0.030110178306575,-0.080853660817481,0.027299557106176,0.080309145709094,-0.084456045830718,-0.084182700451762,0.123712145320364,-0.021917887406949,0.003494538320221,0.023762383714346,-0.110626210962481,0.343931786572946,0.077363992108103,-0.286550750935544,-0.204359945546199,-0.023847993391494,-0.01295032935444,-0.045520940705683,-0.198861437598105,-0.041288690064225,-0.030110178306575,-0.015002077621649,0.10250831037281,0.271291012702544,-0.011460276263653,-0.197607765778612,0.04898756595364,0.14669006678286,-0.090646207609112,0.051551480969545,-0.152306491445563,1,0.147507532183549,-0.066129094513004,-0.151390053740333,-0.240601179588384,0.135747521784787,-0.077478413975897,0.230112244186489,-0.236538516170944,0.071263563871506,0.154783995162026,0.039832029004073,0.035482690777664,-0.093033067199637,-0.956441800098988
lives_in_snnp___ethiopia_2015,-0.3464383279364,0.042117643336808,-0.107964026891369,0.06448575334679,-0.107964026891369,-0.0316938076211,0.128179916098593,-0.107494171521774,0.074272533966107,-0.202680186519951,-0.049134287248361,-0.044545061323285,0.054566466113016,0.058542794209077,-0.046303853668263,-0.085161121568529,0.00244549072888,-0.158715831218474,-0.027618253315603,0.005641982629209,1,-0.041439937196603,-0.019601962388104,-0.636804853784757,-0.082270183646287,-0.039187472941244,0.345258646354194,0.336881760718808,-0.038502964810546,0.084345512405516,-0.125098890389856,-0.05418229352073,-0.070864690452205,-0.084107298098797,0.102111558843898,0.037371489107827,0.354862587574109,0.117404580298259,-0.150385367310713,-0.109825970139279,0.194659154475605,0.014576601673136,0.135731807529079,0.220153595765345,0.016204251471911,0.039187472941244,-0.049981415600324,-0.056412793610999,-0.306952609958409,-0.07492621473854,-0.214859208389054,0.04434251366744,-0.296414978687283,0.001244834304427,-0.201094284804535,-0.162830889399484,0.086555625742295,0.028014519959582,0.015637127390278,-0.076263912434971,-0.099210742137168,-0.053619491292532,-0.070846818695621,-0.019198677053113,-0.081504860395489,-0.178295663256081,-0.105915541533704,-0.09901859692627,0.043439543892026,-0.156952333341055,-0.132596193065662
distance_to_market___ethiopia_2015,-0.226303140795198,0.016998354588657,-0.043358577900335,-0.171456216354952,-0.290524167768864,-0.004557814000431,0.082607125531539,-0.212296773111109,-0.084647580955293,-0.095849913813709,-0.056419908534961,-0.021777894676432,-0.007747871334824,0.003606345113411,-0.041215746648056,-0.050920330748375,-0.007432248187814,-0.144017898610351,-0.005877159174058,-0.072225263080488,0.336881760718808,-0.056671910602677,-0.037327184893345,-0.33265160704696,0.074182815221655,-0.000903291395299,0.043524203946146,1,-0.046085294170689,0.054085278568646,-0.031393089957373,-0.006457112217827,-0.028110049170505,-0.052807595904945,0.056191114422822,0.093436244454988,0.103522283851475,0.048619516704279,0.020822657310128,0.073329514808642,0.049369319624444,-0.026426801944999,-0.019260578119281,0.159000884733781,0.082226392538314,0.000903291395299,-0.054449248714133,-0.034281499102163,-0.111689185429578,-0.07748999045073,-0.158678153284568,-0.055832967559975,0.005028052701921,0.305942507563614,-0.023922784656459,-0.184393695175423,0.027299557106176,-0.094129181994927,-0.062499205238281,-0.039006923342284,-0.10471091511317,0.040786864988828,-0.002939479716594,-0.058403504728933,0.492480265260231,-0.032255341541467,0.023463891214906,-0.02976180981847,0.00415436989433,-0.13299702234652,0.000437624434844
average_precipitation___ethiopia_2015,-0.740920611942959,0.178629652455182,-0.268660316084005,-0.180957422438526,-0.18710088158251,-0.023913505963079,0.029432599141619,-0.185968315354284,0.189928113431184,-0.450935792979818,0.049024728813884,0.023762179696495,0.09073157463095,0.061846314196125,-0.047995539673091,-0.202532881914376,-0.004768187603888,-0.499826418846001,-0.035626725416093,0.170874751111585,0.354862587574109,0.086921302875984,-0.02994882945538,-0.310855849538857,0.308455963764807,-0.049984715422835,0.317871674957324,0.103522283851475,0.060319644423408,-0.035203455333161,-0.219705792800745,0.030910552577684,-0.026868512820387,-0.045657884244137,0.106490560268945,-0.027908623677293,1,0.130226721254072,-0.350651776645479,0.142026788916238,0.243220737237965,0.010208269094433,0.405010601097781,0.103248762525091,-0.020441259100655,0.049984715422835,-0.03638440157318,0.019841221738693,0.099508857592104,-0.039578972506405,-0.462225728207247,0.08007881690716,0.197063869006977,-0.022521335094253,-0.377592586247562,-0.229463996931762,0.343931786572946,0.707621981420752,-0.029607119466828,-0.048673353319567,0.080796922489434,0.063682927731536,-0.23055546227695,0.105185407422984,-0.06465564790418,-0.23877400913603,-0.001138108227601,0.101283154249381,0.084926474108546,-0.206201897219247,-0.394925715556241
